Traceback (most recent call last):
  File "/home/cristian/Dev/TaskBudget/.venv/lib/python3.11/site-packages/django/db/backends/base/base.py", line 279, in ensure_connection
    self.connect()
  File "/home/cristian/Dev/TaskBudget/.venv/lib/python3.11/site-packages/django/utils/asyncio.py", line 26, in inner
    return func(*args, **kwargs)
           ^^^^^^^^^^^^^^^^^^^^^
  File "/home/cristian/Dev/TaskBudget/.venv/lib/python3.11/site-packages/django/db/backends/base/base.py", line 256, in connect
    self.connection = self.get_new_connection(conn_params)
                      ^^^^^^^^^^^^^^^^^^^^^^^^^^^^^^^^^^^^
  File "/home/cristian/Dev/TaskBudget/.venv/lib/python3.11/site-packages/django/utils/asyncio.py", line 26, in inner
    return func(*args, **kwargs)
           ^^^^^^^^^^^^^^^^^^^^^
  File "/home/cristian/Dev/TaskBudget/.venv/lib/python3.11/site-packages/django/db/backends/postgresql/base.py", line 332, in get_new_connection
    connection = self.Database.connect(**conn_params)
                 ^^^^^^^^^^^^^^^^^^^^^^^^^^^^^^^^^^^^
  File "/home/cristian/Dev/TaskBudget/.venv/lib/python3.11/site-packages/psycopg/connection.py", line 129, in connect
    raise type(last_ex)("\n".join(lines)).with_traceback(None)
psycopg.OperationalError: connection failed: connection to server at "127.0.0.1", port 5432 failed: FATAL:  password authentication failed for user "postgres"
connection to server at "127.0.0.1", port 5432 failed: FATAL:  password authentication failed for user "postgres"
Multiple connection attempts failed. All failures were:
- host: 'localhost', port: '5432', hostaddr: '::1': connection failed: connection to server at "::1", port 5432 failed: FATAL:  password authentication failed for user "postgres"
connection to server at "::1", port 5432 failed: FATAL:  password authentication failed for user "postgres"
- host: 'localhost', port: '5432', hostaddr: '127.0.0.1': connection failed: connection to server at "127.0.0.1", port 5432 failed: FATAL:  password authentication failed for user "postgres"
connection to server at "127.0.0.1", port 5432 failed: FATAL:  password authentication failed for user "postgres"

The above exception was the direct cause of the following exception:

Traceback (most recent call last):
  File "/home/cristian/Dev/TaskBudget/manage.py", line 22, in <module>
    main()
  File "/home/cristian/Dev/TaskBudget/manage.py", line 18, in main
    execute_from_command_line(sys.argv)
  File "/home/cristian/Dev/TaskBudget/.venv/lib/python3.11/site-packages/django/core/management/__init__.py", line 442, in execute_from_command_line
    utility.execute()
  File "/home/cristian/Dev/TaskBudget/.venv/lib/python3.11/site-packages/django/core/management/__init__.py", line 436, in execute
    self.fetch_command(subcommand).run_from_argv(self.argv)
  File "/home/cristian/Dev/TaskBudget/.venv/lib/python3.11/site-packages/django/core/management/base.py", line 420, in run_from_argv
    self.execute(*args, **cmd_options)
  File "/home/cristian/Dev/TaskBudget/.venv/lib/python3.11/site-packages/django/core/management/base.py", line 464, in execute
    output = self.handle(*args, **options)
             ^^^^^^^^^^^^^^^^^^^^^^^^^^^^^
  File "/home/cristian/Dev/TaskBudget/core/management/commands/generar_recurrentes.py", line 37, in handle
    resultado = generar_finanzas_automaticas(
                ^^^^^^^^^^^^^^^^^^^^^^^^^^^^^
  File "/home/cristian/Dev/TaskBudget/core/services.py", line 196, in generar_finanzas_automaticas
    movimientos, movimientos_omitidos = generar_movimientos_recurrentes(
                                        ^^^^^^^^^^^^^^^^^^^^^^^^^^^^^^^^
  File "/home/cristian/Dev/TaskBudget/core/services.py", line 101, in generar_movimientos_recurrentes
    for recurrente in recurrentes:
  File "/home/cristian/Dev/TaskBudget/.venv/lib/python3.11/site-packages/django/db/models/query.py", line 386, in __iter__
    self._fetch_all()
  File "/home/cristian/Dev/TaskBudget/.venv/lib/python3.11/site-packages/django/db/models/query.py", line 1954, in _fetch_all
    self._result_cache = list(self._iterable_class(self))
                         ^^^^^^^^^^^^^^^^^^^^^^^^^^^^^^^^
  File "/home/cristian/Dev/TaskBudget/.venv/lib/python3.11/site-packages/django/db/models/query.py", line 93, in __iter__
    results = compiler.execute_sql(
              ^^^^^^^^^^^^^^^^^^^^^
  File "/home/cristian/Dev/TaskBudget/.venv/lib/python3.11/site-packages/django/db/models/sql/compiler.py", line 1621, in execute_sql
    cursor = self.connection.cursor()
             ^^^^^^^^^^^^^^^^^^^^^^^^
  File "/home/cristian/Dev/TaskBudget/.venv/lib/python3.11/site-packages/django/utils/asyncio.py", line 26, in inner
    return func(*args, **kwargs)
           ^^^^^^^^^^^^^^^^^^^^^
  File "/home/cristian/Dev/TaskBudget/.venv/lib/python3.11/site-packages/django/db/backends/base/base.py", line 320, in cursor
    return self._cursor()
           ^^^^^^^^^^^^^^
  File "/home/cristian/Dev/TaskBudget/.venv/lib/python3.11/site-packages/django/db/backends/base/base.py", line 296, in _cursor
    self.ensure_connection()
  File "/home/cristian/Dev/TaskBudget/.venv/lib/python3.11/site-packages/django/utils/asyncio.py", line 26, in inner
    return func(*args, **kwargs)
           ^^^^^^^^^^^^^^^^^^^^^
  File "/home/cristian/Dev/TaskBudget/.venv/lib/python3.11/site-packages/django/db/backends/base/base.py", line 278, in ensure_connection
    with self.wrap_database_errors:
  File "/home/cristian/Dev/TaskBudget/.venv/lib/python3.11/site-packages/django/db/utils.py", line 91, in __exit__
    raise dj_exc_value.with_traceback(traceback) from exc_value
  File "/home/cristian/Dev/TaskBudget/.venv/lib/python3.11/site-packages/django/db/backends/base/base.py", line 279, in ensure_connection
    self.connect()
  File "/home/cristian/Dev/TaskBudget/.venv/lib/python3.11/site-packages/django/utils/asyncio.py", line 26, in inner
    return func(*args, **kwargs)
           ^^^^^^^^^^^^^^^^^^^^^
  File "/home/cristian/Dev/TaskBudget/.venv/lib/python3.11/site-packages/django/db/backends/base/base.py", line 256, in connect
    self.connection = self.get_new_connection(conn_params)
                      ^^^^^^^^^^^^^^^^^^^^^^^^^^^^^^^^^^^^
  File "/home/cristian/Dev/TaskBudget/.venv/lib/python3.11/site-packages/django/utils/asyncio.py", line 26, in inner
    return func(*args, **kwargs)
           ^^^^^^^^^^^^^^^^^^^^^
  File "/home/cristian/Dev/TaskBudget/.venv/lib/python3.11/site-packages/django/db/backends/postgresql/base.py", line 332, in get_new_connection
    connection = self.Database.connect(**conn_params)
                 ^^^^^^^^^^^^^^^^^^^^^^^^^^^^^^^^^^^^
  File "/home/cristian/Dev/TaskBudget/.venv/lib/python3.11/site-packages/psycopg/connection.py", line 129, in connect
    raise type(last_ex)("\n".join(lines)).with_traceback(None)
django.db.utils.OperationalError: connection failed: connection to server at "127.0.0.1", port 5432 failed: FATAL:  password authentication failed for user "postgres"
connection to server at "127.0.0.1", port 5432 failed: FATAL:  password authentication failed for user "postgres"
Multiple connection attempts failed. All failures were:
- host: 'localhost', port: '5432', hostaddr: '::1': connection failed: connection to server at "::1", port 5432 failed: FATAL:  password authentication failed for user "postgres"
connection to server at "::1", port 5432 failed: FATAL:  password authentication failed for user "postgres"
- host: 'localhost', port: '5432', hostaddr: '127.0.0.1': connection failed: connection to server at "127.0.0.1", port 5432 failed: FATAL:  password authentication failed for user "postgres"
connection to server at "127.0.0.1", port 5432 failed: FATAL:  password authentication failed for user "postgres"
Traceback (most recent call last):
  File "/home/cristian/Dev/TaskBudget/.venv/lib/python3.11/site-packages/django/db/backends/base/base.py", line 279, in ensure_connection
    self.connect()
  File "/home/cristian/Dev/TaskBudget/.venv/lib/python3.11/site-packages/django/utils/asyncio.py", line 26, in inner
    return func(*args, **kwargs)
           ^^^^^^^^^^^^^^^^^^^^^
  File "/home/cristian/Dev/TaskBudget/.venv/lib/python3.11/site-packages/django/db/backends/base/base.py", line 256, in connect
    self.connection = self.get_new_connection(conn_params)
                      ^^^^^^^^^^^^^^^^^^^^^^^^^^^^^^^^^^^^
  File "/home/cristian/Dev/TaskBudget/.venv/lib/python3.11/site-packages/django/utils/asyncio.py", line 26, in inner
    return func(*args, **kwargs)
           ^^^^^^^^^^^^^^^^^^^^^
  File "/home/cristian/Dev/TaskBudget/.venv/lib/python3.11/site-packages/django/db/backends/postgresql/base.py", line 332, in get_new_connection
    connection = self.Database.connect(**conn_params)
                 ^^^^^^^^^^^^^^^^^^^^^^^^^^^^^^^^^^^^
  File "/home/cristian/Dev/TaskBudget/.venv/lib/python3.11/site-packages/psycopg/connection.py", line 129, in connect
    raise type(last_ex)("\n".join(lines)).with_traceback(None)
psycopg.OperationalError: connection failed: connection to server at "127.0.0.1", port 5432 failed: FATAL:  password authentication failed for user "postgres"
connection to server at "127.0.0.1", port 5432 failed: FATAL:  password authentication failed for user "postgres"
Multiple connection attempts failed. All failures were:
- host: 'localhost', port: '5432', hostaddr: '::1': connection failed: connection to server at "::1", port 5432 failed: FATAL:  password authentication failed for user "postgres"
connection to server at "::1", port 5432 failed: FATAL:  password authentication failed for user "postgres"
- host: 'localhost', port: '5432', hostaddr: '127.0.0.1': connection failed: connection to server at "127.0.0.1", port 5432 failed: FATAL:  password authentication failed for user "postgres"
connection to server at "127.0.0.1", port 5432 failed: FATAL:  password authentication failed for user "postgres"

The above exception was the direct cause of the following exception:

Traceback (most recent call last):
  File "/home/cristian/Dev/TaskBudget/manage.py", line 22, in <module>
    main()
  File "/home/cristian/Dev/TaskBudget/manage.py", line 18, in main
    execute_from_command_line(sys.argv)
  File "/home/cristian/Dev/TaskBudget/.venv/lib/python3.11/site-packages/django/core/management/__init__.py", line 442, in execute_from_command_line
    utility.execute()
  File "/home/cristian/Dev/TaskBudget/.venv/lib/python3.11/site-packages/django/core/management/__init__.py", line 436, in execute
    self.fetch_command(subcommand).run_from_argv(self.argv)
  File "/home/cristian/Dev/TaskBudget/.venv/lib/python3.11/site-packages/django/core/management/base.py", line 420, in run_from_argv
    self.execute(*args, **cmd_options)
  File "/home/cristian/Dev/TaskBudget/.venv/lib/python3.11/site-packages/django/core/management/base.py", line 464, in execute
    output = self.handle(*args, **options)
             ^^^^^^^^^^^^^^^^^^^^^^^^^^^^^
  File "/home/cristian/Dev/TaskBudget/core/management/commands/generar_recurrentes.py", line 37, in handle
    resultado = generar_finanzas_automaticas(
                ^^^^^^^^^^^^^^^^^^^^^^^^^^^^^
  File "/home/cristian/Dev/TaskBudget/core/services.py", line 196, in generar_finanzas_automaticas
    movimientos, movimientos_omitidos = generar_movimientos_recurrentes(
                                        ^^^^^^^^^^^^^^^^^^^^^^^^^^^^^^^^
  File "/home/cristian/Dev/TaskBudget/core/services.py", line 101, in generar_movimientos_recurrentes
    for recurrente in recurrentes:
  File "/home/cristian/Dev/TaskBudget/.venv/lib/python3.11/site-packages/django/db/models/query.py", line 386, in __iter__
    self._fetch_all()
  File "/home/cristian/Dev/TaskBudget/.venv/lib/python3.11/site-packages/django/db/models/query.py", line 1954, in _fetch_all
    self._result_cache = list(self._iterable_class(self))
                         ^^^^^^^^^^^^^^^^^^^^^^^^^^^^^^^^
  File "/home/cristian/Dev/TaskBudget/.venv/lib/python3.11/site-packages/django/db/models/query.py", line 93, in __iter__
    results = compiler.execute_sql(
              ^^^^^^^^^^^^^^^^^^^^^
  File "/home/cristian/Dev/TaskBudget/.venv/lib/python3.11/site-packages/django/db/models/sql/compiler.py", line 1621, in execute_sql
    cursor = self.connection.cursor()
             ^^^^^^^^^^^^^^^^^^^^^^^^
  File "/home/cristian/Dev/TaskBudget/.venv/lib/python3.11/site-packages/django/utils/asyncio.py", line 26, in inner
    return func(*args, **kwargs)
           ^^^^^^^^^^^^^^^^^^^^^
  File "/home/cristian/Dev/TaskBudget/.venv/lib/python3.11/site-packages/django/db/backends/base/base.py", line 320, in cursor
    return self._cursor()
           ^^^^^^^^^^^^^^
  File "/home/cristian/Dev/TaskBudget/.venv/lib/python3.11/site-packages/django/db/backends/base/base.py", line 296, in _cursor
    self.ensure_connection()
  File "/home/cristian/Dev/TaskBudget/.venv/lib/python3.11/site-packages/django/utils/asyncio.py", line 26, in inner
    return func(*args, **kwargs)
           ^^^^^^^^^^^^^^^^^^^^^
  File "/home/cristian/Dev/TaskBudget/.venv/lib/python3.11/site-packages/django/db/backends/base/base.py", line 278, in ensure_connection
    with self.wrap_database_errors:
  File "/home/cristian/Dev/TaskBudget/.venv/lib/python3.11/site-packages/django/db/utils.py", line 91, in __exit__
    raise dj_exc_value.with_traceback(traceback) from exc_value
  File "/home/cristian/Dev/TaskBudget/.venv/lib/python3.11/site-packages/django/db/backends/base/base.py", line 279, in ensure_connection
    self.connect()
  File "/home/cristian/Dev/TaskBudget/.venv/lib/python3.11/site-packages/django/utils/asyncio.py", line 26, in inner
    return func(*args, **kwargs)
           ^^^^^^^^^^^^^^^^^^^^^
  File "/home/cristian/Dev/TaskBudget/.venv/lib/python3.11/site-packages/django/db/backends/base/base.py", line 256, in connect
    self.connection = self.get_new_connection(conn_params)
                      ^^^^^^^^^^^^^^^^^^^^^^^^^^^^^^^^^^^^
  File "/home/cristian/Dev/TaskBudget/.venv/lib/python3.11/site-packages/django/utils/asyncio.py", line 26, in inner
    return func(*args, **kwargs)
           ^^^^^^^^^^^^^^^^^^^^^
  File "/home/cristian/Dev/TaskBudget/.venv/lib/python3.11/site-packages/django/db/backends/postgresql/base.py", line 332, in get_new_connection
    connection = self.Database.connect(**conn_params)
                 ^^^^^^^^^^^^^^^^^^^^^^^^^^^^^^^^^^^^
  File "/home/cristian/Dev/TaskBudget/.venv/lib/python3.11/site-packages/psycopg/connection.py", line 129, in connect
    raise type(last_ex)("\n".join(lines)).with_traceback(None)
django.db.utils.OperationalError: connection failed: connection to server at "127.0.0.1", port 5432 failed: FATAL:  password authentication failed for user "postgres"
connection to server at "127.0.0.1", port 5432 failed: FATAL:  password authentication failed for user "postgres"
Multiple connection attempts failed. All failures were:
- host: 'localhost', port: '5432', hostaddr: '::1': connection failed: connection to server at "::1", port 5432 failed: FATAL:  password authentication failed for user "postgres"
connection to server at "::1", port 5432 failed: FATAL:  password authentication failed for user "postgres"
- host: 'localhost', port: '5432', hostaddr: '127.0.0.1': connection failed: connection to server at "127.0.0.1", port 5432 failed: FATAL:  password authentication failed for user "postgres"
connection to server at "127.0.0.1", port 5432 failed: FATAL:  password authentication failed for user "postgres"
Traceback (most recent call last):
  File "/home/cristian/Dev/TaskBudget/.venv/lib/python3.11/site-packages/django/db/backends/base/base.py", line 279, in ensure_connection
    self.connect()
  File "/home/cristian/Dev/TaskBudget/.venv/lib/python3.11/site-packages/django/utils/asyncio.py", line 26, in inner
    return func(*args, **kwargs)
           ^^^^^^^^^^^^^^^^^^^^^
  File "/home/cristian/Dev/TaskBudget/.venv/lib/python3.11/site-packages/django/db/backends/base/base.py", line 256, in connect
    self.connection = self.get_new_connection(conn_params)
                      ^^^^^^^^^^^^^^^^^^^^^^^^^^^^^^^^^^^^
  File "/home/cristian/Dev/TaskBudget/.venv/lib/python3.11/site-packages/django/utils/asyncio.py", line 26, in inner
    return func(*args, **kwargs)
           ^^^^^^^^^^^^^^^^^^^^^
  File "/home/cristian/Dev/TaskBudget/.venv/lib/python3.11/site-packages/django/db/backends/postgresql/base.py", line 332, in get_new_connection
    connection = self.Database.connect(**conn_params)
                 ^^^^^^^^^^^^^^^^^^^^^^^^^^^^^^^^^^^^
  File "/home/cristian/Dev/TaskBudget/.venv/lib/python3.11/site-packages/psycopg/connection.py", line 129, in connect
    raise type(last_ex)("\n".join(lines)).with_traceback(None)
psycopg.OperationalError: connection failed: connection to server at "127.0.0.1", port 5432 failed: FATAL:  password authentication failed for user "postgres"
connection to server at "127.0.0.1", port 5432 failed: FATAL:  password authentication failed for user "postgres"
Multiple connection attempts failed. All failures were:
- host: 'localhost', port: '5432', hostaddr: '::1': connection failed: connection to server at "::1", port 5432 failed: FATAL:  password authentication failed for user "postgres"
connection to server at "::1", port 5432 failed: FATAL:  password authentication failed for user "postgres"
- host: 'localhost', port: '5432', hostaddr: '127.0.0.1': connection failed: connection to server at "127.0.0.1", port 5432 failed: FATAL:  password authentication failed for user "postgres"
connection to server at "127.0.0.1", port 5432 failed: FATAL:  password authentication failed for user "postgres"

The above exception was the direct cause of the following exception:

Traceback (most recent call last):
  File "/home/cristian/Dev/TaskBudget/manage.py", line 22, in <module>
    main()
  File "/home/cristian/Dev/TaskBudget/manage.py", line 18, in main
    execute_from_command_line(sys.argv)
  File "/home/cristian/Dev/TaskBudget/.venv/lib/python3.11/site-packages/django/core/management/__init__.py", line 442, in execute_from_command_line
    utility.execute()
  File "/home/cristian/Dev/TaskBudget/.venv/lib/python3.11/site-packages/django/core/management/__init__.py", line 436, in execute
    self.fetch_command(subcommand).run_from_argv(self.argv)
  File "/home/cristian/Dev/TaskBudget/.venv/lib/python3.11/site-packages/django/core/management/base.py", line 420, in run_from_argv
    self.execute(*args, **cmd_options)
  File "/home/cristian/Dev/TaskBudget/.venv/lib/python3.11/site-packages/django/core/management/base.py", line 464, in execute
    output = self.handle(*args, **options)
             ^^^^^^^^^^^^^^^^^^^^^^^^^^^^^
  File "/home/cristian/Dev/TaskBudget/core/management/commands/generar_recurrentes.py", line 37, in handle
    resultado = generar_finanzas_automaticas(
                ^^^^^^^^^^^^^^^^^^^^^^^^^^^^^
  File "/home/cristian/Dev/TaskBudget/core/services.py", line 196, in generar_finanzas_automaticas
    movimientos, movimientos_omitidos = generar_movimientos_recurrentes(
                                        ^^^^^^^^^^^^^^^^^^^^^^^^^^^^^^^^
  File "/home/cristian/Dev/TaskBudget/core/services.py", line 101, in generar_movimientos_recurrentes
    for recurrente in recurrentes:
  File "/home/cristian/Dev/TaskBudget/.venv/lib/python3.11/site-packages/django/db/models/query.py", line 386, in __iter__
    self._fetch_all()
  File "/home/cristian/Dev/TaskBudget/.venv/lib/python3.11/site-packages/django/db/models/query.py", line 1954, in _fetch_all
    self._result_cache = list(self._iterable_class(self))
                         ^^^^^^^^^^^^^^^^^^^^^^^^^^^^^^^^
  File "/home/cristian/Dev/TaskBudget/.venv/lib/python3.11/site-packages/django/db/models/query.py", line 93, in __iter__
    results = compiler.execute_sql(
              ^^^^^^^^^^^^^^^^^^^^^
  File "/home/cristian/Dev/TaskBudget/.venv/lib/python3.11/site-packages/django/db/models/sql/compiler.py", line 1621, in execute_sql
    cursor = self.connection.cursor()
             ^^^^^^^^^^^^^^^^^^^^^^^^
  File "/home/cristian/Dev/TaskBudget/.venv/lib/python3.11/site-packages/django/utils/asyncio.py", line 26, in inner
    return func(*args, **kwargs)
           ^^^^^^^^^^^^^^^^^^^^^
  File "/home/cristian/Dev/TaskBudget/.venv/lib/python3.11/site-packages/django/db/backends/base/base.py", line 320, in cursor
    return self._cursor()
           ^^^^^^^^^^^^^^
  File "/home/cristian/Dev/TaskBudget/.venv/lib/python3.11/site-packages/django/db/backends/base/base.py", line 296, in _cursor
    self.ensure_connection()
  File "/home/cristian/Dev/TaskBudget/.venv/lib/python3.11/site-packages/django/utils/asyncio.py", line 26, in inner
    return func(*args, **kwargs)
           ^^^^^^^^^^^^^^^^^^^^^
  File "/home/cristian/Dev/TaskBudget/.venv/lib/python3.11/site-packages/django/db/backends/base/base.py", line 278, in ensure_connection
    with self.wrap_database_errors:
  File "/home/cristian/Dev/TaskBudget/.venv/lib/python3.11/site-packages/django/db/utils.py", line 91, in __exit__
    raise dj_exc_value.with_traceback(traceback) from exc_value
  File "/home/cristian/Dev/TaskBudget/.venv/lib/python3.11/site-packages/django/db/backends/base/base.py", line 279, in ensure_connection
    self.connect()
  File "/home/cristian/Dev/TaskBudget/.venv/lib/python3.11/site-packages/django/utils/asyncio.py", line 26, in inner
    return func(*args, **kwargs)
           ^^^^^^^^^^^^^^^^^^^^^
  File "/home/cristian/Dev/TaskBudget/.venv/lib/python3.11/site-packages/django/db/backends/base/base.py", line 256, in connect
    self.connection = self.get_new_connection(conn_params)
                      ^^^^^^^^^^^^^^^^^^^^^^^^^^^^^^^^^^^^
  File "/home/cristian/Dev/TaskBudget/.venv/lib/python3.11/site-packages/django/utils/asyncio.py", line 26, in inner
    return func(*args, **kwargs)
           ^^^^^^^^^^^^^^^^^^^^^
  File "/home/cristian/Dev/TaskBudget/.venv/lib/python3.11/site-packages/django/db/backends/postgresql/base.py", line 332, in get_new_connection
    connection = self.Database.connect(**conn_params)
                 ^^^^^^^^^^^^^^^^^^^^^^^^^^^^^^^^^^^^
  File "/home/cristian/Dev/TaskBudget/.venv/lib/python3.11/site-packages/psycopg/connection.py", line 129, in connect
    raise type(last_ex)("\n".join(lines)).with_traceback(None)
django.db.utils.OperationalError: connection failed: connection to server at "127.0.0.1", port 5432 failed: FATAL:  password authentication failed for user "postgres"
connection to server at "127.0.0.1", port 5432 failed: FATAL:  password authentication failed for user "postgres"
Multiple connection attempts failed. All failures were:
- host: 'localhost', port: '5432', hostaddr: '::1': connection failed: connection to server at "::1", port 5432 failed: FATAL:  password authentication failed for user "postgres"
connection to server at "::1", port 5432 failed: FATAL:  password authentication failed for user "postgres"
- host: 'localhost', port: '5432', hostaddr: '127.0.0.1': connection failed: connection to server at "127.0.0.1", port 5432 failed: FATAL:  password authentication failed for user "postgres"
connection to server at "127.0.0.1", port 5432 failed: FATAL:  password authentication failed for user "postgres"
Traceback (most recent call last):
  File "/home/cristian/Dev/TaskBudget/.venv/lib/python3.11/site-packages/django/db/backends/base/base.py", line 279, in ensure_connection
    self.connect()
  File "/home/cristian/Dev/TaskBudget/.venv/lib/python3.11/site-packages/django/utils/asyncio.py", line 26, in inner
    return func(*args, **kwargs)
           ^^^^^^^^^^^^^^^^^^^^^
  File "/home/cristian/Dev/TaskBudget/.venv/lib/python3.11/site-packages/django/db/backends/base/base.py", line 256, in connect
    self.connection = self.get_new_connection(conn_params)
                      ^^^^^^^^^^^^^^^^^^^^^^^^^^^^^^^^^^^^
  File "/home/cristian/Dev/TaskBudget/.venv/lib/python3.11/site-packages/django/utils/asyncio.py", line 26, in inner
    return func(*args, **kwargs)
           ^^^^^^^^^^^^^^^^^^^^^
  File "/home/cristian/Dev/TaskBudget/.venv/lib/python3.11/site-packages/django/db/backends/postgresql/base.py", line 332, in get_new_connection
    connection = self.Database.connect(**conn_params)
                 ^^^^^^^^^^^^^^^^^^^^^^^^^^^^^^^^^^^^
  File "/home/cristian/Dev/TaskBudget/.venv/lib/python3.11/site-packages/psycopg/connection.py", line 129, in connect
    raise type(last_ex)("\n".join(lines)).with_traceback(None)
psycopg.OperationalError: connection failed: connection to server at "127.0.0.1", port 5432 failed: FATAL:  password authentication failed for user "postgres"
connection to server at "127.0.0.1", port 5432 failed: FATAL:  password authentication failed for user "postgres"
Multiple connection attempts failed. All failures were:
- host: 'localhost', port: '5432', hostaddr: '::1': connection failed: connection to server at "::1", port 5432 failed: FATAL:  password authentication failed for user "postgres"
connection to server at "::1", port 5432 failed: FATAL:  password authentication failed for user "postgres"
- host: 'localhost', port: '5432', hostaddr: '127.0.0.1': connection failed: connection to server at "127.0.0.1", port 5432 failed: FATAL:  password authentication failed for user "postgres"
connection to server at "127.0.0.1", port 5432 failed: FATAL:  password authentication failed for user "postgres"

The above exception was the direct cause of the following exception:

Traceback (most recent call last):
  File "/home/cristian/Dev/TaskBudget/manage.py", line 22, in <module>
    main()
  File "/home/cristian/Dev/TaskBudget/manage.py", line 18, in main
    execute_from_command_line(sys.argv)
  File "/home/cristian/Dev/TaskBudget/.venv/lib/python3.11/site-packages/django/core/management/__init__.py", line 442, in execute_from_command_line
    utility.execute()
  File "/home/cristian/Dev/TaskBudget/.venv/lib/python3.11/site-packages/django/core/management/__init__.py", line 436, in execute
    self.fetch_command(subcommand).run_from_argv(self.argv)
  File "/home/cristian/Dev/TaskBudget/.venv/lib/python3.11/site-packages/django/core/management/base.py", line 420, in run_from_argv
    self.execute(*args, **cmd_options)
  File "/home/cristian/Dev/TaskBudget/.venv/lib/python3.11/site-packages/django/core/management/base.py", line 464, in execute
    output = self.handle(*args, **options)
             ^^^^^^^^^^^^^^^^^^^^^^^^^^^^^
  File "/home/cristian/Dev/TaskBudget/core/management/commands/generar_recurrentes.py", line 37, in handle
    resultado = generar_finanzas_automaticas(
                ^^^^^^^^^^^^^^^^^^^^^^^^^^^^^
  File "/home/cristian/Dev/TaskBudget/core/services.py", line 196, in generar_finanzas_automaticas
    movimientos, movimientos_omitidos = generar_movimientos_recurrentes(
                                        ^^^^^^^^^^^^^^^^^^^^^^^^^^^^^^^^
  File "/home/cristian/Dev/TaskBudget/core/services.py", line 101, in generar_movimientos_recurrentes
    for recurrente in recurrentes:
  File "/home/cristian/Dev/TaskBudget/.venv/lib/python3.11/site-packages/django/db/models/query.py", line 386, in __iter__
    self._fetch_all()
  File "/home/cristian/Dev/TaskBudget/.venv/lib/python3.11/site-packages/django/db/models/query.py", line 1954, in _fetch_all
    self._result_cache = list(self._iterable_class(self))
                         ^^^^^^^^^^^^^^^^^^^^^^^^^^^^^^^^
  File "/home/cristian/Dev/TaskBudget/.venv/lib/python3.11/site-packages/django/db/models/query.py", line 93, in __iter__
    results = compiler.execute_sql(
              ^^^^^^^^^^^^^^^^^^^^^
  File "/home/cristian/Dev/TaskBudget/.venv/lib/python3.11/site-packages/django/db/models/sql/compiler.py", line 1621, in execute_sql
    cursor = self.connection.cursor()
             ^^^^^^^^^^^^^^^^^^^^^^^^
  File "/home/cristian/Dev/TaskBudget/.venv/lib/python3.11/site-packages/django/utils/asyncio.py", line 26, in inner
    return func(*args, **kwargs)
           ^^^^^^^^^^^^^^^^^^^^^
  File "/home/cristian/Dev/TaskBudget/.venv/lib/python3.11/site-packages/django/db/backends/base/base.py", line 320, in cursor
    return self._cursor()
           ^^^^^^^^^^^^^^
  File "/home/cristian/Dev/TaskBudget/.venv/lib/python3.11/site-packages/django/db/backends/base/base.py", line 296, in _cursor
    self.ensure_connection()
  File "/home/cristian/Dev/TaskBudget/.venv/lib/python3.11/site-packages/django/utils/asyncio.py", line 26, in inner
    return func(*args, **kwargs)
           ^^^^^^^^^^^^^^^^^^^^^
  File "/home/cristian/Dev/TaskBudget/.venv/lib/python3.11/site-packages/django/db/backends/base/base.py", line 278, in ensure_connection
    with self.wrap_database_errors:
  File "/home/cristian/Dev/TaskBudget/.venv/lib/python3.11/site-packages/django/db/utils.py", line 91, in __exit__
    raise dj_exc_value.with_traceback(traceback) from exc_value
  File "/home/cristian/Dev/TaskBudget/.venv/lib/python3.11/site-packages/django/db/backends/base/base.py", line 279, in ensure_connection
    self.connect()
  File "/home/cristian/Dev/TaskBudget/.venv/lib/python3.11/site-packages/django/utils/asyncio.py", line 26, in inner
    return func(*args, **kwargs)
           ^^^^^^^^^^^^^^^^^^^^^
  File "/home/cristian/Dev/TaskBudget/.venv/lib/python3.11/site-packages/django/db/backends/base/base.py", line 256, in connect
    self.connection = self.get_new_connection(conn_params)
                      ^^^^^^^^^^^^^^^^^^^^^^^^^^^^^^^^^^^^
  File "/home/cristian/Dev/TaskBudget/.venv/lib/python3.11/site-packages/django/utils/asyncio.py", line 26, in inner
    return func(*args, **kwargs)
           ^^^^^^^^^^^^^^^^^^^^^
  File "/home/cristian/Dev/TaskBudget/.venv/lib/python3.11/site-packages/django/db/backends/postgresql/base.py", line 332, in get_new_connection
    connection = self.Database.connect(**conn_params)
                 ^^^^^^^^^^^^^^^^^^^^^^^^^^^^^^^^^^^^
  File "/home/cristian/Dev/TaskBudget/.venv/lib/python3.11/site-packages/psycopg/connection.py", line 129, in connect
    raise type(last_ex)("\n".join(lines)).with_traceback(None)
django.db.utils.OperationalError: connection failed: connection to server at "127.0.0.1", port 5432 failed: FATAL:  password authentication failed for user "postgres"
connection to server at "127.0.0.1", port 5432 failed: FATAL:  password authentication failed for user "postgres"
Multiple connection attempts failed. All failures were:
- host: 'localhost', port: '5432', hostaddr: '::1': connection failed: connection to server at "::1", port 5432 failed: FATAL:  password authentication failed for user "postgres"
connection to server at "::1", port 5432 failed: FATAL:  password authentication failed for user "postgres"
- host: 'localhost', port: '5432', hostaddr: '127.0.0.1': connection failed: connection to server at "127.0.0.1", port 5432 failed: FATAL:  password authentication failed for user "postgres"
connection to server at "127.0.0.1", port 5432 failed: FATAL:  password authentication failed for user "postgres"
Traceback (most recent call last):
  File "/home/cristian/Dev/TaskBudget/.venv/lib/python3.11/site-packages/django/db/backends/base/base.py", line 279, in ensure_connection
    self.connect()
  File "/home/cristian/Dev/TaskBudget/.venv/lib/python3.11/site-packages/django/utils/asyncio.py", line 26, in inner
    return func(*args, **kwargs)
           ^^^^^^^^^^^^^^^^^^^^^
  File "/home/cristian/Dev/TaskBudget/.venv/lib/python3.11/site-packages/django/db/backends/base/base.py", line 256, in connect
    self.connection = self.get_new_connection(conn_params)
                      ^^^^^^^^^^^^^^^^^^^^^^^^^^^^^^^^^^^^
  File "/home/cristian/Dev/TaskBudget/.venv/lib/python3.11/site-packages/django/utils/asyncio.py", line 26, in inner
    return func(*args, **kwargs)
           ^^^^^^^^^^^^^^^^^^^^^
  File "/home/cristian/Dev/TaskBudget/.venv/lib/python3.11/site-packages/django/db/backends/postgresql/base.py", line 332, in get_new_connection
    connection = self.Database.connect(**conn_params)
                 ^^^^^^^^^^^^^^^^^^^^^^^^^^^^^^^^^^^^
  File "/home/cristian/Dev/TaskBudget/.venv/lib/python3.11/site-packages/psycopg/connection.py", line 129, in connect
    raise type(last_ex)("\n".join(lines)).with_traceback(None)
psycopg.OperationalError: connection failed: connection to server at "127.0.0.1", port 5432 failed: FATAL:  password authentication failed for user "postgres"
connection to server at "127.0.0.1", port 5432 failed: FATAL:  password authentication failed for user "postgres"
Multiple connection attempts failed. All failures were:
- host: 'localhost', port: '5432', hostaddr: '::1': connection failed: connection to server at "::1", port 5432 failed: FATAL:  password authentication failed for user "postgres"
connection to server at "::1", port 5432 failed: FATAL:  password authentication failed for user "postgres"
- host: 'localhost', port: '5432', hostaddr: '127.0.0.1': connection failed: connection to server at "127.0.0.1", port 5432 failed: FATAL:  password authentication failed for user "postgres"
connection to server at "127.0.0.1", port 5432 failed: FATAL:  password authentication failed for user "postgres"

The above exception was the direct cause of the following exception:

Traceback (most recent call last):
  File "/home/cristian/Dev/TaskBudget/manage.py", line 22, in <module>
    main()
  File "/home/cristian/Dev/TaskBudget/manage.py", line 18, in main
    execute_from_command_line(sys.argv)
  File "/home/cristian/Dev/TaskBudget/.venv/lib/python3.11/site-packages/django/core/management/__init__.py", line 442, in execute_from_command_line
    utility.execute()
  File "/home/cristian/Dev/TaskBudget/.venv/lib/python3.11/site-packages/django/core/management/__init__.py", line 436, in execute
    self.fetch_command(subcommand).run_from_argv(self.argv)
  File "/home/cristian/Dev/TaskBudget/.venv/lib/python3.11/site-packages/django/core/management/base.py", line 420, in run_from_argv
    self.execute(*args, **cmd_options)
  File "/home/cristian/Dev/TaskBudget/.venv/lib/python3.11/site-packages/django/core/management/base.py", line 464, in execute
    output = self.handle(*args, **options)
             ^^^^^^^^^^^^^^^^^^^^^^^^^^^^^
  File "/home/cristian/Dev/TaskBudget/core/management/commands/generar_recurrentes.py", line 37, in handle
    resultado = generar_finanzas_automaticas(
                ^^^^^^^^^^^^^^^^^^^^^^^^^^^^^
  File "/home/cristian/Dev/TaskBudget/core/services.py", line 196, in generar_finanzas_automaticas
    movimientos, movimientos_omitidos = generar_movimientos_recurrentes(
                                        ^^^^^^^^^^^^^^^^^^^^^^^^^^^^^^^^
  File "/home/cristian/Dev/TaskBudget/core/services.py", line 101, in generar_movimientos_recurrentes
    for recurrente in recurrentes:
  File "/home/cristian/Dev/TaskBudget/.venv/lib/python3.11/site-packages/django/db/models/query.py", line 386, in __iter__
    self._fetch_all()
  File "/home/cristian/Dev/TaskBudget/.venv/lib/python3.11/site-packages/django/db/models/query.py", line 1954, in _fetch_all
    self._result_cache = list(self._iterable_class(self))
                         ^^^^^^^^^^^^^^^^^^^^^^^^^^^^^^^^
  File "/home/cristian/Dev/TaskBudget/.venv/lib/python3.11/site-packages/django/db/models/query.py", line 93, in __iter__
    results = compiler.execute_sql(
              ^^^^^^^^^^^^^^^^^^^^^
  File "/home/cristian/Dev/TaskBudget/.venv/lib/python3.11/site-packages/django/db/models/sql/compiler.py", line 1621, in execute_sql
    cursor = self.connection.cursor()
             ^^^^^^^^^^^^^^^^^^^^^^^^
  File "/home/cristian/Dev/TaskBudget/.venv/lib/python3.11/site-packages/django/utils/asyncio.py", line 26, in inner
    return func(*args, **kwargs)
           ^^^^^^^^^^^^^^^^^^^^^
  File "/home/cristian/Dev/TaskBudget/.venv/lib/python3.11/site-packages/django/db/backends/base/base.py", line 320, in cursor
    return self._cursor()
           ^^^^^^^^^^^^^^
  File "/home/cristian/Dev/TaskBudget/.venv/lib/python3.11/site-packages/django/db/backends/base/base.py", line 296, in _cursor
    self.ensure_connection()
  File "/home/cristian/Dev/TaskBudget/.venv/lib/python3.11/site-packages/django/utils/asyncio.py", line 26, in inner
    return func(*args, **kwargs)
           ^^^^^^^^^^^^^^^^^^^^^
  File "/home/cristian/Dev/TaskBudget/.venv/lib/python3.11/site-packages/django/db/backends/base/base.py", line 278, in ensure_connection
    with self.wrap_database_errors:
  File "/home/cristian/Dev/TaskBudget/.venv/lib/python3.11/site-packages/django/db/utils.py", line 91, in __exit__
    raise dj_exc_value.with_traceback(traceback) from exc_value
  File "/home/cristian/Dev/TaskBudget/.venv/lib/python3.11/site-packages/django/db/backends/base/base.py", line 279, in ensure_connection
    self.connect()
  File "/home/cristian/Dev/TaskBudget/.venv/lib/python3.11/site-packages/django/utils/asyncio.py", line 26, in inner
    return func(*args, **kwargs)
           ^^^^^^^^^^^^^^^^^^^^^
  File "/home/cristian/Dev/TaskBudget/.venv/lib/python3.11/site-packages/django/db/backends/base/base.py", line 256, in connect
    self.connection = self.get_new_connection(conn_params)
                      ^^^^^^^^^^^^^^^^^^^^^^^^^^^^^^^^^^^^
  File "/home/cristian/Dev/TaskBudget/.venv/lib/python3.11/site-packages/django/utils/asyncio.py", line 26, in inner
    return func(*args, **kwargs)
           ^^^^^^^^^^^^^^^^^^^^^
  File "/home/cristian/Dev/TaskBudget/.venv/lib/python3.11/site-packages/django/db/backends/postgresql/base.py", line 332, in get_new_connection
    connection = self.Database.connect(**conn_params)
                 ^^^^^^^^^^^^^^^^^^^^^^^^^^^^^^^^^^^^
  File "/home/cristian/Dev/TaskBudget/.venv/lib/python3.11/site-packages/psycopg/connection.py", line 129, in connect
    raise type(last_ex)("\n".join(lines)).with_traceback(None)
django.db.utils.OperationalError: connection failed: connection to server at "127.0.0.1", port 5432 failed: FATAL:  password authentication failed for user "postgres"
connection to server at "127.0.0.1", port 5432 failed: FATAL:  password authentication failed for user "postgres"
Multiple connection attempts failed. All failures were:
- host: 'localhost', port: '5432', hostaddr: '::1': connection failed: connection to server at "::1", port 5432 failed: FATAL:  password authentication failed for user "postgres"
connection to server at "::1", port 5432 failed: FATAL:  password authentication failed for user "postgres"
- host: 'localhost', port: '5432', hostaddr: '127.0.0.1': connection failed: connection to server at "127.0.0.1", port 5432 failed: FATAL:  password authentication failed for user "postgres"
connection to server at "127.0.0.1", port 5432 failed: FATAL:  password authentication failed for user "postgres"
Traceback (most recent call last):
  File "/home/cristian/Dev/TaskBudget/.venv/lib/python3.11/site-packages/django/db/backends/base/base.py", line 279, in ensure_connection
    self.connect()
  File "/home/cristian/Dev/TaskBudget/.venv/lib/python3.11/site-packages/django/utils/asyncio.py", line 26, in inner
    return func(*args, **kwargs)
           ^^^^^^^^^^^^^^^^^^^^^
  File "/home/cristian/Dev/TaskBudget/.venv/lib/python3.11/site-packages/django/db/backends/base/base.py", line 256, in connect
    self.connection = self.get_new_connection(conn_params)
                      ^^^^^^^^^^^^^^^^^^^^^^^^^^^^^^^^^^^^
  File "/home/cristian/Dev/TaskBudget/.venv/lib/python3.11/site-packages/django/utils/asyncio.py", line 26, in inner
    return func(*args, **kwargs)
           ^^^^^^^^^^^^^^^^^^^^^
  File "/home/cristian/Dev/TaskBudget/.venv/lib/python3.11/site-packages/django/db/backends/postgresql/base.py", line 332, in get_new_connection
    connection = self.Database.connect(**conn_params)
                 ^^^^^^^^^^^^^^^^^^^^^^^^^^^^^^^^^^^^
  File "/home/cristian/Dev/TaskBudget/.venv/lib/python3.11/site-packages/psycopg/connection.py", line 129, in connect
    raise type(last_ex)("\n".join(lines)).with_traceback(None)
psycopg.OperationalError: connection failed: connection to server at "127.0.0.1", port 5432 failed: FATAL:  password authentication failed for user "postgres"
connection to server at "127.0.0.1", port 5432 failed: FATAL:  password authentication failed for user "postgres"
Multiple connection attempts failed. All failures were:
- host: 'localhost', port: '5432', hostaddr: '::1': connection failed: connection to server at "::1", port 5432 failed: FATAL:  password authentication failed for user "postgres"
connection to server at "::1", port 5432 failed: FATAL:  password authentication failed for user "postgres"
- host: 'localhost', port: '5432', hostaddr: '127.0.0.1': connection failed: connection to server at "127.0.0.1", port 5432 failed: FATAL:  password authentication failed for user "postgres"
connection to server at "127.0.0.1", port 5432 failed: FATAL:  password authentication failed for user "postgres"

The above exception was the direct cause of the following exception:

Traceback (most recent call last):
  File "/home/cristian/Dev/TaskBudget/manage.py", line 22, in <module>
    main()
  File "/home/cristian/Dev/TaskBudget/manage.py", line 18, in main
    execute_from_command_line(sys.argv)
  File "/home/cristian/Dev/TaskBudget/.venv/lib/python3.11/site-packages/django/core/management/__init__.py", line 442, in execute_from_command_line
    utility.execute()
  File "/home/cristian/Dev/TaskBudget/.venv/lib/python3.11/site-packages/django/core/management/__init__.py", line 436, in execute
    self.fetch_command(subcommand).run_from_argv(self.argv)
  File "/home/cristian/Dev/TaskBudget/.venv/lib/python3.11/site-packages/django/core/management/base.py", line 420, in run_from_argv
    self.execute(*args, **cmd_options)
  File "/home/cristian/Dev/TaskBudget/.venv/lib/python3.11/site-packages/django/core/management/base.py", line 464, in execute
    output = self.handle(*args, **options)
             ^^^^^^^^^^^^^^^^^^^^^^^^^^^^^
  File "/home/cristian/Dev/TaskBudget/core/management/commands/generar_recurrentes.py", line 37, in handle
    resultado = generar_finanzas_automaticas(
                ^^^^^^^^^^^^^^^^^^^^^^^^^^^^^
  File "/home/cristian/Dev/TaskBudget/core/services.py", line 196, in generar_finanzas_automaticas
    movimientos, movimientos_omitidos = generar_movimientos_recurrentes(
                                        ^^^^^^^^^^^^^^^^^^^^^^^^^^^^^^^^
  File "/home/cristian/Dev/TaskBudget/core/services.py", line 101, in generar_movimientos_recurrentes
    for recurrente in recurrentes:
  File "/home/cristian/Dev/TaskBudget/.venv/lib/python3.11/site-packages/django/db/models/query.py", line 386, in __iter__
    self._fetch_all()
  File "/home/cristian/Dev/TaskBudget/.venv/lib/python3.11/site-packages/django/db/models/query.py", line 1954, in _fetch_all
    self._result_cache = list(self._iterable_class(self))
                         ^^^^^^^^^^^^^^^^^^^^^^^^^^^^^^^^
  File "/home/cristian/Dev/TaskBudget/.venv/lib/python3.11/site-packages/django/db/models/query.py", line 93, in __iter__
    results = compiler.execute_sql(
              ^^^^^^^^^^^^^^^^^^^^^
  File "/home/cristian/Dev/TaskBudget/.venv/lib/python3.11/site-packages/django/db/models/sql/compiler.py", line 1621, in execute_sql
    cursor = self.connection.cursor()
             ^^^^^^^^^^^^^^^^^^^^^^^^
  File "/home/cristian/Dev/TaskBudget/.venv/lib/python3.11/site-packages/django/utils/asyncio.py", line 26, in inner
    return func(*args, **kwargs)
           ^^^^^^^^^^^^^^^^^^^^^
  File "/home/cristian/Dev/TaskBudget/.venv/lib/python3.11/site-packages/django/db/backends/base/base.py", line 320, in cursor
    return self._cursor()
           ^^^^^^^^^^^^^^
  File "/home/cristian/Dev/TaskBudget/.venv/lib/python3.11/site-packages/django/db/backends/base/base.py", line 296, in _cursor
    self.ensure_connection()
  File "/home/cristian/Dev/TaskBudget/.venv/lib/python3.11/site-packages/django/utils/asyncio.py", line 26, in inner
    return func(*args, **kwargs)
           ^^^^^^^^^^^^^^^^^^^^^
  File "/home/cristian/Dev/TaskBudget/.venv/lib/python3.11/site-packages/django/db/backends/base/base.py", line 278, in ensure_connection
    with self.wrap_database_errors:
  File "/home/cristian/Dev/TaskBudget/.venv/lib/python3.11/site-packages/django/db/utils.py", line 91, in __exit__
    raise dj_exc_value.with_traceback(traceback) from exc_value
  File "/home/cristian/Dev/TaskBudget/.venv/lib/python3.11/site-packages/django/db/backends/base/base.py", line 279, in ensure_connection
    self.connect()
  File "/home/cristian/Dev/TaskBudget/.venv/lib/python3.11/site-packages/django/utils/asyncio.py", line 26, in inner
    return func(*args, **kwargs)
           ^^^^^^^^^^^^^^^^^^^^^
  File "/home/cristian/Dev/TaskBudget/.venv/lib/python3.11/site-packages/django/db/backends/base/base.py", line 256, in connect
    self.connection = self.get_new_connection(conn_params)
                      ^^^^^^^^^^^^^^^^^^^^^^^^^^^^^^^^^^^^
  File "/home/cristian/Dev/TaskBudget/.venv/lib/python3.11/site-packages/django/utils/asyncio.py", line 26, in inner
    return func(*args, **kwargs)
           ^^^^^^^^^^^^^^^^^^^^^
  File "/home/cristian/Dev/TaskBudget/.venv/lib/python3.11/site-packages/django/db/backends/postgresql/base.py", line 332, in get_new_connection
    connection = self.Database.connect(**conn_params)
                 ^^^^^^^^^^^^^^^^^^^^^^^^^^^^^^^^^^^^
  File "/home/cristian/Dev/TaskBudget/.venv/lib/python3.11/site-packages/psycopg/connection.py", line 129, in connect
    raise type(last_ex)("\n".join(lines)).with_traceback(None)
django.db.utils.OperationalError: connection failed: connection to server at "127.0.0.1", port 5432 failed: FATAL:  password authentication failed for user "postgres"
connection to server at "127.0.0.1", port 5432 failed: FATAL:  password authentication failed for user "postgres"
Multiple connection attempts failed. All failures were:
- host: 'localhost', port: '5432', hostaddr: '::1': connection failed: connection to server at "::1", port 5432 failed: FATAL:  password authentication failed for user "postgres"
connection to server at "::1", port 5432 failed: FATAL:  password authentication failed for user "postgres"
- host: 'localhost', port: '5432', hostaddr: '127.0.0.1': connection failed: connection to server at "127.0.0.1", port 5432 failed: FATAL:  password authentication failed for user "postgres"
connection to server at "127.0.0.1", port 5432 failed: FATAL:  password authentication failed for user "postgres"
Traceback (most recent call last):
  File "/home/cristian/Dev/TaskBudget/.venv/lib/python3.11/site-packages/django/db/backends/base/base.py", line 279, in ensure_connection
    self.connect()
  File "/home/cristian/Dev/TaskBudget/.venv/lib/python3.11/site-packages/django/utils/asyncio.py", line 26, in inner
    return func(*args, **kwargs)
           ^^^^^^^^^^^^^^^^^^^^^
  File "/home/cristian/Dev/TaskBudget/.venv/lib/python3.11/site-packages/django/db/backends/base/base.py", line 256, in connect
    self.connection = self.get_new_connection(conn_params)
                      ^^^^^^^^^^^^^^^^^^^^^^^^^^^^^^^^^^^^
  File "/home/cristian/Dev/TaskBudget/.venv/lib/python3.11/site-packages/django/utils/asyncio.py", line 26, in inner
    return func(*args, **kwargs)
           ^^^^^^^^^^^^^^^^^^^^^
  File "/home/cristian/Dev/TaskBudget/.venv/lib/python3.11/site-packages/django/db/backends/postgresql/base.py", line 332, in get_new_connection
    connection = self.Database.connect(**conn_params)
                 ^^^^^^^^^^^^^^^^^^^^^^^^^^^^^^^^^^^^
  File "/home/cristian/Dev/TaskBudget/.venv/lib/python3.11/site-packages/psycopg/connection.py", line 129, in connect
    raise type(last_ex)("\n".join(lines)).with_traceback(None)
psycopg.OperationalError: connection failed: connection to server at "127.0.0.1", port 5432 failed: FATAL:  password authentication failed for user "postgres"
connection to server at "127.0.0.1", port 5432 failed: FATAL:  password authentication failed for user "postgres"
Multiple connection attempts failed. All failures were:
- host: 'localhost', port: '5432', hostaddr: '::1': connection failed: connection to server at "::1", port 5432 failed: FATAL:  password authentication failed for user "postgres"
connection to server at "::1", port 5432 failed: FATAL:  password authentication failed for user "postgres"
- host: 'localhost', port: '5432', hostaddr: '127.0.0.1': connection failed: connection to server at "127.0.0.1", port 5432 failed: FATAL:  password authentication failed for user "postgres"
connection to server at "127.0.0.1", port 5432 failed: FATAL:  password authentication failed for user "postgres"

The above exception was the direct cause of the following exception:

Traceback (most recent call last):
  File "/home/cristian/Dev/TaskBudget/manage.py", line 22, in <module>
    main()
  File "/home/cristian/Dev/TaskBudget/manage.py", line 18, in main
    execute_from_command_line(sys.argv)
  File "/home/cristian/Dev/TaskBudget/.venv/lib/python3.11/site-packages/django/core/management/__init__.py", line 442, in execute_from_command_line
    utility.execute()
  File "/home/cristian/Dev/TaskBudget/.venv/lib/python3.11/site-packages/django/core/management/__init__.py", line 436, in execute
    self.fetch_command(subcommand).run_from_argv(self.argv)
  File "/home/cristian/Dev/TaskBudget/.venv/lib/python3.11/site-packages/django/core/management/base.py", line 420, in run_from_argv
    self.execute(*args, **cmd_options)
  File "/home/cristian/Dev/TaskBudget/.venv/lib/python3.11/site-packages/django/core/management/base.py", line 464, in execute
    output = self.handle(*args, **options)
             ^^^^^^^^^^^^^^^^^^^^^^^^^^^^^
  File "/home/cristian/Dev/TaskBudget/core/management/commands/generar_recurrentes.py", line 37, in handle
    resultado = generar_finanzas_automaticas(
                ^^^^^^^^^^^^^^^^^^^^^^^^^^^^^
  File "/home/cristian/Dev/TaskBudget/core/services.py", line 196, in generar_finanzas_automaticas
    movimientos, movimientos_omitidos = generar_movimientos_recurrentes(
                                        ^^^^^^^^^^^^^^^^^^^^^^^^^^^^^^^^
  File "/home/cristian/Dev/TaskBudget/core/services.py", line 101, in generar_movimientos_recurrentes
    for recurrente in recurrentes:
  File "/home/cristian/Dev/TaskBudget/.venv/lib/python3.11/site-packages/django/db/models/query.py", line 386, in __iter__
    self._fetch_all()
  File "/home/cristian/Dev/TaskBudget/.venv/lib/python3.11/site-packages/django/db/models/query.py", line 1954, in _fetch_all
    self._result_cache = list(self._iterable_class(self))
                         ^^^^^^^^^^^^^^^^^^^^^^^^^^^^^^^^
  File "/home/cristian/Dev/TaskBudget/.venv/lib/python3.11/site-packages/django/db/models/query.py", line 93, in __iter__
    results = compiler.execute_sql(
              ^^^^^^^^^^^^^^^^^^^^^
  File "/home/cristian/Dev/TaskBudget/.venv/lib/python3.11/site-packages/django/db/models/sql/compiler.py", line 1621, in execute_sql
    cursor = self.connection.cursor()
             ^^^^^^^^^^^^^^^^^^^^^^^^
  File "/home/cristian/Dev/TaskBudget/.venv/lib/python3.11/site-packages/django/utils/asyncio.py", line 26, in inner
    return func(*args, **kwargs)
           ^^^^^^^^^^^^^^^^^^^^^
  File "/home/cristian/Dev/TaskBudget/.venv/lib/python3.11/site-packages/django/db/backends/base/base.py", line 320, in cursor
    return self._cursor()
           ^^^^^^^^^^^^^^
  File "/home/cristian/Dev/TaskBudget/.venv/lib/python3.11/site-packages/django/db/backends/base/base.py", line 296, in _cursor
    self.ensure_connection()
  File "/home/cristian/Dev/TaskBudget/.venv/lib/python3.11/site-packages/django/utils/asyncio.py", line 26, in inner
    return func(*args, **kwargs)
           ^^^^^^^^^^^^^^^^^^^^^
  File "/home/cristian/Dev/TaskBudget/.venv/lib/python3.11/site-packages/django/db/backends/base/base.py", line 278, in ensure_connection
    with self.wrap_database_errors:
  File "/home/cristian/Dev/TaskBudget/.venv/lib/python3.11/site-packages/django/db/utils.py", line 91, in __exit__
    raise dj_exc_value.with_traceback(traceback) from exc_value
  File "/home/cristian/Dev/TaskBudget/.venv/lib/python3.11/site-packages/django/db/backends/base/base.py", line 279, in ensure_connection
    self.connect()
  File "/home/cristian/Dev/TaskBudget/.venv/lib/python3.11/site-packages/django/utils/asyncio.py", line 26, in inner
    return func(*args, **kwargs)
           ^^^^^^^^^^^^^^^^^^^^^
  File "/home/cristian/Dev/TaskBudget/.venv/lib/python3.11/site-packages/django/db/backends/base/base.py", line 256, in connect
    self.connection = self.get_new_connection(conn_params)
                      ^^^^^^^^^^^^^^^^^^^^^^^^^^^^^^^^^^^^
  File "/home/cristian/Dev/TaskBudget/.venv/lib/python3.11/site-packages/django/utils/asyncio.py", line 26, in inner
    return func(*args, **kwargs)
           ^^^^^^^^^^^^^^^^^^^^^
  File "/home/cristian/Dev/TaskBudget/.venv/lib/python3.11/site-packages/django/db/backends/postgresql/base.py", line 332, in get_new_connection
    connection = self.Database.connect(**conn_params)
                 ^^^^^^^^^^^^^^^^^^^^^^^^^^^^^^^^^^^^
  File "/home/cristian/Dev/TaskBudget/.venv/lib/python3.11/site-packages/psycopg/connection.py", line 129, in connect
    raise type(last_ex)("\n".join(lines)).with_traceback(None)
django.db.utils.OperationalError: connection failed: connection to server at "127.0.0.1", port 5432 failed: FATAL:  password authentication failed for user "postgres"
connection to server at "127.0.0.1", port 5432 failed: FATAL:  password authentication failed for user "postgres"
Multiple connection attempts failed. All failures were:
- host: 'localhost', port: '5432', hostaddr: '::1': connection failed: connection to server at "::1", port 5432 failed: FATAL:  password authentication failed for user "postgres"
connection to server at "::1", port 5432 failed: FATAL:  password authentication failed for user "postgres"
- host: 'localhost', port: '5432', hostaddr: '127.0.0.1': connection failed: connection to server at "127.0.0.1", port 5432 failed: FATAL:  password authentication failed for user "postgres"
connection to server at "127.0.0.1", port 5432 failed: FATAL:  password authentication failed for user "postgres"
Traceback (most recent call last):
  File "/home/cristian/Dev/TaskBudget/.venv/lib/python3.11/site-packages/django/db/backends/base/base.py", line 279, in ensure_connection
    self.connect()
  File "/home/cristian/Dev/TaskBudget/.venv/lib/python3.11/site-packages/django/utils/asyncio.py", line 26, in inner
    return func(*args, **kwargs)
           ^^^^^^^^^^^^^^^^^^^^^
  File "/home/cristian/Dev/TaskBudget/.venv/lib/python3.11/site-packages/django/db/backends/base/base.py", line 256, in connect
    self.connection = self.get_new_connection(conn_params)
                      ^^^^^^^^^^^^^^^^^^^^^^^^^^^^^^^^^^^^
  File "/home/cristian/Dev/TaskBudget/.venv/lib/python3.11/site-packages/django/utils/asyncio.py", line 26, in inner
    return func(*args, **kwargs)
           ^^^^^^^^^^^^^^^^^^^^^
  File "/home/cristian/Dev/TaskBudget/.venv/lib/python3.11/site-packages/django/db/backends/postgresql/base.py", line 332, in get_new_connection
    connection = self.Database.connect(**conn_params)
                 ^^^^^^^^^^^^^^^^^^^^^^^^^^^^^^^^^^^^
  File "/home/cristian/Dev/TaskBudget/.venv/lib/python3.11/site-packages/psycopg/connection.py", line 129, in connect
    raise type(last_ex)("\n".join(lines)).with_traceback(None)
psycopg.OperationalError: connection failed: connection to server at "127.0.0.1", port 5432 failed: FATAL:  password authentication failed for user "postgres"
connection to server at "127.0.0.1", port 5432 failed: FATAL:  password authentication failed for user "postgres"
Multiple connection attempts failed. All failures were:
- host: 'localhost', port: '5432', hostaddr: '::1': connection failed: connection to server at "::1", port 5432 failed: FATAL:  password authentication failed for user "postgres"
connection to server at "::1", port 5432 failed: FATAL:  password authentication failed for user "postgres"
- host: 'localhost', port: '5432', hostaddr: '127.0.0.1': connection failed: connection to server at "127.0.0.1", port 5432 failed: FATAL:  password authentication failed for user "postgres"
connection to server at "127.0.0.1", port 5432 failed: FATAL:  password authentication failed for user "postgres"

The above exception was the direct cause of the following exception:

Traceback (most recent call last):
  File "/home/cristian/Dev/TaskBudget/manage.py", line 22, in <module>
    main()
  File "/home/cristian/Dev/TaskBudget/manage.py", line 18, in main
    execute_from_command_line(sys.argv)
  File "/home/cristian/Dev/TaskBudget/.venv/lib/python3.11/site-packages/django/core/management/__init__.py", line 442, in execute_from_command_line
    utility.execute()
  File "/home/cristian/Dev/TaskBudget/.venv/lib/python3.11/site-packages/django/core/management/__init__.py", line 436, in execute
    self.fetch_command(subcommand).run_from_argv(self.argv)
  File "/home/cristian/Dev/TaskBudget/.venv/lib/python3.11/site-packages/django/core/management/base.py", line 420, in run_from_argv
    self.execute(*args, **cmd_options)
  File "/home/cristian/Dev/TaskBudget/.venv/lib/python3.11/site-packages/django/core/management/base.py", line 464, in execute
    output = self.handle(*args, **options)
             ^^^^^^^^^^^^^^^^^^^^^^^^^^^^^
  File "/home/cristian/Dev/TaskBudget/core/management/commands/generar_recurrentes.py", line 37, in handle
    resultado = generar_finanzas_automaticas(
                ^^^^^^^^^^^^^^^^^^^^^^^^^^^^^
  File "/home/cristian/Dev/TaskBudget/core/services.py", line 196, in generar_finanzas_automaticas
    movimientos, movimientos_omitidos = generar_movimientos_recurrentes(
                                        ^^^^^^^^^^^^^^^^^^^^^^^^^^^^^^^^
  File "/home/cristian/Dev/TaskBudget/core/services.py", line 101, in generar_movimientos_recurrentes
    for recurrente in recurrentes:
  File "/home/cristian/Dev/TaskBudget/.venv/lib/python3.11/site-packages/django/db/models/query.py", line 386, in __iter__
    self._fetch_all()
  File "/home/cristian/Dev/TaskBudget/.venv/lib/python3.11/site-packages/django/db/models/query.py", line 1954, in _fetch_all
    self._result_cache = list(self._iterable_class(self))
                         ^^^^^^^^^^^^^^^^^^^^^^^^^^^^^^^^
  File "/home/cristian/Dev/TaskBudget/.venv/lib/python3.11/site-packages/django/db/models/query.py", line 93, in __iter__
    results = compiler.execute_sql(
              ^^^^^^^^^^^^^^^^^^^^^
  File "/home/cristian/Dev/TaskBudget/.venv/lib/python3.11/site-packages/django/db/models/sql/compiler.py", line 1621, in execute_sql
    cursor = self.connection.cursor()
             ^^^^^^^^^^^^^^^^^^^^^^^^
  File "/home/cristian/Dev/TaskBudget/.venv/lib/python3.11/site-packages/django/utils/asyncio.py", line 26, in inner
    return func(*args, **kwargs)
           ^^^^^^^^^^^^^^^^^^^^^
  File "/home/cristian/Dev/TaskBudget/.venv/lib/python3.11/site-packages/django/db/backends/base/base.py", line 320, in cursor
    return self._cursor()
           ^^^^^^^^^^^^^^
  File "/home/cristian/Dev/TaskBudget/.venv/lib/python3.11/site-packages/django/db/backends/base/base.py", line 296, in _cursor
    self.ensure_connection()
  File "/home/cristian/Dev/TaskBudget/.venv/lib/python3.11/site-packages/django/utils/asyncio.py", line 26, in inner
    return func(*args, **kwargs)
           ^^^^^^^^^^^^^^^^^^^^^
  File "/home/cristian/Dev/TaskBudget/.venv/lib/python3.11/site-packages/django/db/backends/base/base.py", line 278, in ensure_connection
    with self.wrap_database_errors:
  File "/home/cristian/Dev/TaskBudget/.venv/lib/python3.11/site-packages/django/db/utils.py", line 91, in __exit__
    raise dj_exc_value.with_traceback(traceback) from exc_value
  File "/home/cristian/Dev/TaskBudget/.venv/lib/python3.11/site-packages/django/db/backends/base/base.py", line 279, in ensure_connection
    self.connect()
  File "/home/cristian/Dev/TaskBudget/.venv/lib/python3.11/site-packages/django/utils/asyncio.py", line 26, in inner
    return func(*args, **kwargs)
           ^^^^^^^^^^^^^^^^^^^^^
  File "/home/cristian/Dev/TaskBudget/.venv/lib/python3.11/site-packages/django/db/backends/base/base.py", line 256, in connect
    self.connection = self.get_new_connection(conn_params)
                      ^^^^^^^^^^^^^^^^^^^^^^^^^^^^^^^^^^^^
  File "/home/cristian/Dev/TaskBudget/.venv/lib/python3.11/site-packages/django/utils/asyncio.py", line 26, in inner
    return func(*args, **kwargs)
           ^^^^^^^^^^^^^^^^^^^^^
  File "/home/cristian/Dev/TaskBudget/.venv/lib/python3.11/site-packages/django/db/backends/postgresql/base.py", line 332, in get_new_connection
    connection = self.Database.connect(**conn_params)
                 ^^^^^^^^^^^^^^^^^^^^^^^^^^^^^^^^^^^^
  File "/home/cristian/Dev/TaskBudget/.venv/lib/python3.11/site-packages/psycopg/connection.py", line 129, in connect
    raise type(last_ex)("\n".join(lines)).with_traceback(None)
django.db.utils.OperationalError: connection failed: connection to server at "127.0.0.1", port 5432 failed: FATAL:  password authentication failed for user "postgres"
connection to server at "127.0.0.1", port 5432 failed: FATAL:  password authentication failed for user "postgres"
Multiple connection attempts failed. All failures were:
- host: 'localhost', port: '5432', hostaddr: '::1': connection failed: connection to server at "::1", port 5432 failed: FATAL:  password authentication failed for user "postgres"
connection to server at "::1", port 5432 failed: FATAL:  password authentication failed for user "postgres"
- host: 'localhost', port: '5432', hostaddr: '127.0.0.1': connection failed: connection to server at "127.0.0.1", port 5432 failed: FATAL:  password authentication failed for user "postgres"
connection to server at "127.0.0.1", port 5432 failed: FATAL:  password authentication failed for user "postgres"
Traceback (most recent call last):
  File "/home/cristian/Dev/TaskBudget/.venv/lib/python3.11/site-packages/django/db/backends/base/base.py", line 279, in ensure_connection
    self.connect()
  File "/home/cristian/Dev/TaskBudget/.venv/lib/python3.11/site-packages/django/utils/asyncio.py", line 26, in inner
    return func(*args, **kwargs)
           ^^^^^^^^^^^^^^^^^^^^^
  File "/home/cristian/Dev/TaskBudget/.venv/lib/python3.11/site-packages/django/db/backends/base/base.py", line 256, in connect
    self.connection = self.get_new_connection(conn_params)
                      ^^^^^^^^^^^^^^^^^^^^^^^^^^^^^^^^^^^^
  File "/home/cristian/Dev/TaskBudget/.venv/lib/python3.11/site-packages/django/utils/asyncio.py", line 26, in inner
    return func(*args, **kwargs)
           ^^^^^^^^^^^^^^^^^^^^^
  File "/home/cristian/Dev/TaskBudget/.venv/lib/python3.11/site-packages/django/db/backends/postgresql/base.py", line 332, in get_new_connection
    connection = self.Database.connect(**conn_params)
                 ^^^^^^^^^^^^^^^^^^^^^^^^^^^^^^^^^^^^
  File "/home/cristian/Dev/TaskBudget/.venv/lib/python3.11/site-packages/psycopg/connection.py", line 129, in connect
    raise type(last_ex)("\n".join(lines)).with_traceback(None)
psycopg.OperationalError: connection failed: connection to server at "127.0.0.1", port 5432 failed: FATAL:  password authentication failed for user "postgres"
connection to server at "127.0.0.1", port 5432 failed: FATAL:  password authentication failed for user "postgres"
Multiple connection attempts failed. All failures were:
- host: 'localhost', port: '5432', hostaddr: '::1': connection failed: connection to server at "::1", port 5432 failed: FATAL:  password authentication failed for user "postgres"
connection to server at "::1", port 5432 failed: FATAL:  password authentication failed for user "postgres"
- host: 'localhost', port: '5432', hostaddr: '127.0.0.1': connection failed: connection to server at "127.0.0.1", port 5432 failed: FATAL:  password authentication failed for user "postgres"
connection to server at "127.0.0.1", port 5432 failed: FATAL:  password authentication failed for user "postgres"

The above exception was the direct cause of the following exception:

Traceback (most recent call last):
  File "/home/cristian/Dev/TaskBudget/manage.py", line 22, in <module>
    main()
  File "/home/cristian/Dev/TaskBudget/manage.py", line 18, in main
    execute_from_command_line(sys.argv)
  File "/home/cristian/Dev/TaskBudget/.venv/lib/python3.11/site-packages/django/core/management/__init__.py", line 442, in execute_from_command_line
    utility.execute()
  File "/home/cristian/Dev/TaskBudget/.venv/lib/python3.11/site-packages/django/core/management/__init__.py", line 436, in execute
    self.fetch_command(subcommand).run_from_argv(self.argv)
  File "/home/cristian/Dev/TaskBudget/.venv/lib/python3.11/site-packages/django/core/management/base.py", line 420, in run_from_argv
    self.execute(*args, **cmd_options)
  File "/home/cristian/Dev/TaskBudget/.venv/lib/python3.11/site-packages/django/core/management/base.py", line 464, in execute
    output = self.handle(*args, **options)
             ^^^^^^^^^^^^^^^^^^^^^^^^^^^^^
  File "/home/cristian/Dev/TaskBudget/core/management/commands/generar_recurrentes.py", line 37, in handle
    resultado = generar_finanzas_automaticas(
                ^^^^^^^^^^^^^^^^^^^^^^^^^^^^^
  File "/home/cristian/Dev/TaskBudget/core/services.py", line 196, in generar_finanzas_automaticas
    movimientos, movimientos_omitidos = generar_movimientos_recurrentes(
                                        ^^^^^^^^^^^^^^^^^^^^^^^^^^^^^^^^
  File "/home/cristian/Dev/TaskBudget/core/services.py", line 101, in generar_movimientos_recurrentes
    for recurrente in recurrentes:
  File "/home/cristian/Dev/TaskBudget/.venv/lib/python3.11/site-packages/django/db/models/query.py", line 386, in __iter__
    self._fetch_all()
  File "/home/cristian/Dev/TaskBudget/.venv/lib/python3.11/site-packages/django/db/models/query.py", line 1954, in _fetch_all
    self._result_cache = list(self._iterable_class(self))
                         ^^^^^^^^^^^^^^^^^^^^^^^^^^^^^^^^
  File "/home/cristian/Dev/TaskBudget/.venv/lib/python3.11/site-packages/django/db/models/query.py", line 93, in __iter__
    results = compiler.execute_sql(
              ^^^^^^^^^^^^^^^^^^^^^
  File "/home/cristian/Dev/TaskBudget/.venv/lib/python3.11/site-packages/django/db/models/sql/compiler.py", line 1621, in execute_sql
    cursor = self.connection.cursor()
             ^^^^^^^^^^^^^^^^^^^^^^^^
  File "/home/cristian/Dev/TaskBudget/.venv/lib/python3.11/site-packages/django/utils/asyncio.py", line 26, in inner
    return func(*args, **kwargs)
           ^^^^^^^^^^^^^^^^^^^^^
  File "/home/cristian/Dev/TaskBudget/.venv/lib/python3.11/site-packages/django/db/backends/base/base.py", line 320, in cursor
    return self._cursor()
           ^^^^^^^^^^^^^^
  File "/home/cristian/Dev/TaskBudget/.venv/lib/python3.11/site-packages/django/db/backends/base/base.py", line 296, in _cursor
    self.ensure_connection()
  File "/home/cristian/Dev/TaskBudget/.venv/lib/python3.11/site-packages/django/utils/asyncio.py", line 26, in inner
    return func(*args, **kwargs)
           ^^^^^^^^^^^^^^^^^^^^^
  File "/home/cristian/Dev/TaskBudget/.venv/lib/python3.11/site-packages/django/db/backends/base/base.py", line 278, in ensure_connection
    with self.wrap_database_errors:
  File "/home/cristian/Dev/TaskBudget/.venv/lib/python3.11/site-packages/django/db/utils.py", line 91, in __exit__
    raise dj_exc_value.with_traceback(traceback) from exc_value
  File "/home/cristian/Dev/TaskBudget/.venv/lib/python3.11/site-packages/django/db/backends/base/base.py", line 279, in ensure_connection
    self.connect()
  File "/home/cristian/Dev/TaskBudget/.venv/lib/python3.11/site-packages/django/utils/asyncio.py", line 26, in inner
    return func(*args, **kwargs)
           ^^^^^^^^^^^^^^^^^^^^^
  File "/home/cristian/Dev/TaskBudget/.venv/lib/python3.11/site-packages/django/db/backends/base/base.py", line 256, in connect
    self.connection = self.get_new_connection(conn_params)
                      ^^^^^^^^^^^^^^^^^^^^^^^^^^^^^^^^^^^^
  File "/home/cristian/Dev/TaskBudget/.venv/lib/python3.11/site-packages/django/utils/asyncio.py", line 26, in inner
    return func(*args, **kwargs)
           ^^^^^^^^^^^^^^^^^^^^^
  File "/home/cristian/Dev/TaskBudget/.venv/lib/python3.11/site-packages/django/db/backends/postgresql/base.py", line 332, in get_new_connection
    connection = self.Database.connect(**conn_params)
                 ^^^^^^^^^^^^^^^^^^^^^^^^^^^^^^^^^^^^
  File "/home/cristian/Dev/TaskBudget/.venv/lib/python3.11/site-packages/psycopg/connection.py", line 129, in connect
    raise type(last_ex)("\n".join(lines)).with_traceback(None)
django.db.utils.OperationalError: connection failed: connection to server at "127.0.0.1", port 5432 failed: FATAL:  password authentication failed for user "postgres"
connection to server at "127.0.0.1", port 5432 failed: FATAL:  password authentication failed for user "postgres"
Multiple connection attempts failed. All failures were:
- host: 'localhost', port: '5432', hostaddr: '::1': connection failed: connection to server at "::1", port 5432 failed: FATAL:  password authentication failed for user "postgres"
connection to server at "::1", port 5432 failed: FATAL:  password authentication failed for user "postgres"
- host: 'localhost', port: '5432', hostaddr: '127.0.0.1': connection failed: connection to server at "127.0.0.1", port 5432 failed: FATAL:  password authentication failed for user "postgres"
connection to server at "127.0.0.1", port 5432 failed: FATAL:  password authentication failed for user "postgres"
Traceback (most recent call last):
  File "/home/cristian/Dev/TaskBudget/.venv/lib/python3.11/site-packages/django/db/backends/base/base.py", line 279, in ensure_connection
    self.connect()
  File "/home/cristian/Dev/TaskBudget/.venv/lib/python3.11/site-packages/django/utils/asyncio.py", line 26, in inner
    return func(*args, **kwargs)
           ^^^^^^^^^^^^^^^^^^^^^
  File "/home/cristian/Dev/TaskBudget/.venv/lib/python3.11/site-packages/django/db/backends/base/base.py", line 256, in connect
    self.connection = self.get_new_connection(conn_params)
                      ^^^^^^^^^^^^^^^^^^^^^^^^^^^^^^^^^^^^
  File "/home/cristian/Dev/TaskBudget/.venv/lib/python3.11/site-packages/django/utils/asyncio.py", line 26, in inner
    return func(*args, **kwargs)
           ^^^^^^^^^^^^^^^^^^^^^
  File "/home/cristian/Dev/TaskBudget/.venv/lib/python3.11/site-packages/django/db/backends/postgresql/base.py", line 332, in get_new_connection
    connection = self.Database.connect(**conn_params)
                 ^^^^^^^^^^^^^^^^^^^^^^^^^^^^^^^^^^^^
  File "/home/cristian/Dev/TaskBudget/.venv/lib/python3.11/site-packages/psycopg/connection.py", line 129, in connect
    raise type(last_ex)("\n".join(lines)).with_traceback(None)
psycopg.OperationalError: connection failed: connection to server at "127.0.0.1", port 5432 failed: FATAL:  password authentication failed for user "postgres"
connection to server at "127.0.0.1", port 5432 failed: FATAL:  password authentication failed for user "postgres"
Multiple connection attempts failed. All failures were:
- host: 'localhost', port: '5432', hostaddr: '::1': connection failed: connection to server at "::1", port 5432 failed: FATAL:  password authentication failed for user "postgres"
connection to server at "::1", port 5432 failed: FATAL:  password authentication failed for user "postgres"
- host: 'localhost', port: '5432', hostaddr: '127.0.0.1': connection failed: connection to server at "127.0.0.1", port 5432 failed: FATAL:  password authentication failed for user "postgres"
connection to server at "127.0.0.1", port 5432 failed: FATAL:  password authentication failed for user "postgres"

The above exception was the direct cause of the following exception:

Traceback (most recent call last):
  File "/home/cristian/Dev/TaskBudget/manage.py", line 22, in <module>
    main()
  File "/home/cristian/Dev/TaskBudget/manage.py", line 18, in main
    execute_from_command_line(sys.argv)
  File "/home/cristian/Dev/TaskBudget/.venv/lib/python3.11/site-packages/django/core/management/__init__.py", line 442, in execute_from_command_line
    utility.execute()
  File "/home/cristian/Dev/TaskBudget/.venv/lib/python3.11/site-packages/django/core/management/__init__.py", line 436, in execute
    self.fetch_command(subcommand).run_from_argv(self.argv)
  File "/home/cristian/Dev/TaskBudget/.venv/lib/python3.11/site-packages/django/core/management/base.py", line 420, in run_from_argv
    self.execute(*args, **cmd_options)
  File "/home/cristian/Dev/TaskBudget/.venv/lib/python3.11/site-packages/django/core/management/base.py", line 464, in execute
    output = self.handle(*args, **options)
             ^^^^^^^^^^^^^^^^^^^^^^^^^^^^^
  File "/home/cristian/Dev/TaskBudget/core/management/commands/generar_recurrentes.py", line 37, in handle
    resultado = generar_finanzas_automaticas(
                ^^^^^^^^^^^^^^^^^^^^^^^^^^^^^
  File "/home/cristian/Dev/TaskBudget/core/services.py", line 196, in generar_finanzas_automaticas
    movimientos, movimientos_omitidos = generar_movimientos_recurrentes(
                                        ^^^^^^^^^^^^^^^^^^^^^^^^^^^^^^^^
  File "/home/cristian/Dev/TaskBudget/core/services.py", line 101, in generar_movimientos_recurrentes
    for recurrente in recurrentes:
  File "/home/cristian/Dev/TaskBudget/.venv/lib/python3.11/site-packages/django/db/models/query.py", line 386, in __iter__
    self._fetch_all()
  File "/home/cristian/Dev/TaskBudget/.venv/lib/python3.11/site-packages/django/db/models/query.py", line 1954, in _fetch_all
    self._result_cache = list(self._iterable_class(self))
                         ^^^^^^^^^^^^^^^^^^^^^^^^^^^^^^^^
  File "/home/cristian/Dev/TaskBudget/.venv/lib/python3.11/site-packages/django/db/models/query.py", line 93, in __iter__
    results = compiler.execute_sql(
              ^^^^^^^^^^^^^^^^^^^^^
  File "/home/cristian/Dev/TaskBudget/.venv/lib/python3.11/site-packages/django/db/models/sql/compiler.py", line 1621, in execute_sql
    cursor = self.connection.cursor()
             ^^^^^^^^^^^^^^^^^^^^^^^^
  File "/home/cristian/Dev/TaskBudget/.venv/lib/python3.11/site-packages/django/utils/asyncio.py", line 26, in inner
    return func(*args, **kwargs)
           ^^^^^^^^^^^^^^^^^^^^^
  File "/home/cristian/Dev/TaskBudget/.venv/lib/python3.11/site-packages/django/db/backends/base/base.py", line 320, in cursor
    return self._cursor()
           ^^^^^^^^^^^^^^
  File "/home/cristian/Dev/TaskBudget/.venv/lib/python3.11/site-packages/django/db/backends/base/base.py", line 296, in _cursor
    self.ensure_connection()
  File "/home/cristian/Dev/TaskBudget/.venv/lib/python3.11/site-packages/django/utils/asyncio.py", line 26, in inner
    return func(*args, **kwargs)
           ^^^^^^^^^^^^^^^^^^^^^
  File "/home/cristian/Dev/TaskBudget/.venv/lib/python3.11/site-packages/django/db/backends/base/base.py", line 278, in ensure_connection
    with self.wrap_database_errors:
  File "/home/cristian/Dev/TaskBudget/.venv/lib/python3.11/site-packages/django/db/utils.py", line 91, in __exit__
    raise dj_exc_value.with_traceback(traceback) from exc_value
  File "/home/cristian/Dev/TaskBudget/.venv/lib/python3.11/site-packages/django/db/backends/base/base.py", line 279, in ensure_connection
    self.connect()
  File "/home/cristian/Dev/TaskBudget/.venv/lib/python3.11/site-packages/django/utils/asyncio.py", line 26, in inner
    return func(*args, **kwargs)
           ^^^^^^^^^^^^^^^^^^^^^
  File "/home/cristian/Dev/TaskBudget/.venv/lib/python3.11/site-packages/django/db/backends/base/base.py", line 256, in connect
    self.connection = self.get_new_connection(conn_params)
                      ^^^^^^^^^^^^^^^^^^^^^^^^^^^^^^^^^^^^
  File "/home/cristian/Dev/TaskBudget/.venv/lib/python3.11/site-packages/django/utils/asyncio.py", line 26, in inner
    return func(*args, **kwargs)
           ^^^^^^^^^^^^^^^^^^^^^
  File "/home/cristian/Dev/TaskBudget/.venv/lib/python3.11/site-packages/django/db/backends/postgresql/base.py", line 332, in get_new_connection
    connection = self.Database.connect(**conn_params)
                 ^^^^^^^^^^^^^^^^^^^^^^^^^^^^^^^^^^^^
  File "/home/cristian/Dev/TaskBudget/.venv/lib/python3.11/site-packages/psycopg/connection.py", line 129, in connect
    raise type(last_ex)("\n".join(lines)).with_traceback(None)
django.db.utils.OperationalError: connection failed: connection to server at "127.0.0.1", port 5432 failed: FATAL:  password authentication failed for user "postgres"
connection to server at "127.0.0.1", port 5432 failed: FATAL:  password authentication failed for user "postgres"
Multiple connection attempts failed. All failures were:
- host: 'localhost', port: '5432', hostaddr: '::1': connection failed: connection to server at "::1", port 5432 failed: FATAL:  password authentication failed for user "postgres"
connection to server at "::1", port 5432 failed: FATAL:  password authentication failed for user "postgres"
- host: 'localhost', port: '5432', hostaddr: '127.0.0.1': connection failed: connection to server at "127.0.0.1", port 5432 failed: FATAL:  password authentication failed for user "postgres"
connection to server at "127.0.0.1", port 5432 failed: FATAL:  password authentication failed for user "postgres"
Traceback (most recent call last):
  File "/home/cristian/Dev/TaskBudget/.venv/lib/python3.11/site-packages/django/db/backends/base/base.py", line 279, in ensure_connection
    self.connect()
  File "/home/cristian/Dev/TaskBudget/.venv/lib/python3.11/site-packages/django/utils/asyncio.py", line 26, in inner
    return func(*args, **kwargs)
           ^^^^^^^^^^^^^^^^^^^^^
  File "/home/cristian/Dev/TaskBudget/.venv/lib/python3.11/site-packages/django/db/backends/base/base.py", line 256, in connect
    self.connection = self.get_new_connection(conn_params)
                      ^^^^^^^^^^^^^^^^^^^^^^^^^^^^^^^^^^^^
  File "/home/cristian/Dev/TaskBudget/.venv/lib/python3.11/site-packages/django/utils/asyncio.py", line 26, in inner
    return func(*args, **kwargs)
           ^^^^^^^^^^^^^^^^^^^^^
  File "/home/cristian/Dev/TaskBudget/.venv/lib/python3.11/site-packages/django/db/backends/postgresql/base.py", line 332, in get_new_connection
    connection = self.Database.connect(**conn_params)
                 ^^^^^^^^^^^^^^^^^^^^^^^^^^^^^^^^^^^^
  File "/home/cristian/Dev/TaskBudget/.venv/lib/python3.11/site-packages/psycopg/connection.py", line 129, in connect
    raise type(last_ex)("\n".join(lines)).with_traceback(None)
psycopg.OperationalError: connection failed: connection to server at "127.0.0.1", port 5432 failed: FATAL:  password authentication failed for user "postgres"
connection to server at "127.0.0.1", port 5432 failed: FATAL:  password authentication failed for user "postgres"
Multiple connection attempts failed. All failures were:
- host: 'localhost', port: '5432', hostaddr: '::1': connection failed: connection to server at "::1", port 5432 failed: FATAL:  password authentication failed for user "postgres"
connection to server at "::1", port 5432 failed: FATAL:  password authentication failed for user "postgres"
- host: 'localhost', port: '5432', hostaddr: '127.0.0.1': connection failed: connection to server at "127.0.0.1", port 5432 failed: FATAL:  password authentication failed for user "postgres"
connection to server at "127.0.0.1", port 5432 failed: FATAL:  password authentication failed for user "postgres"

The above exception was the direct cause of the following exception:

Traceback (most recent call last):
  File "/home/cristian/Dev/TaskBudget/manage.py", line 22, in <module>
    main()
  File "/home/cristian/Dev/TaskBudget/manage.py", line 18, in main
    execute_from_command_line(sys.argv)
  File "/home/cristian/Dev/TaskBudget/.venv/lib/python3.11/site-packages/django/core/management/__init__.py", line 442, in execute_from_command_line
    utility.execute()
  File "/home/cristian/Dev/TaskBudget/.venv/lib/python3.11/site-packages/django/core/management/__init__.py", line 436, in execute
    self.fetch_command(subcommand).run_from_argv(self.argv)
  File "/home/cristian/Dev/TaskBudget/.venv/lib/python3.11/site-packages/django/core/management/base.py", line 420, in run_from_argv
    self.execute(*args, **cmd_options)
  File "/home/cristian/Dev/TaskBudget/.venv/lib/python3.11/site-packages/django/core/management/base.py", line 464, in execute
    output = self.handle(*args, **options)
             ^^^^^^^^^^^^^^^^^^^^^^^^^^^^^
  File "/home/cristian/Dev/TaskBudget/core/management/commands/generar_recurrentes.py", line 37, in handle
    resultado = generar_finanzas_automaticas(
                ^^^^^^^^^^^^^^^^^^^^^^^^^^^^^
  File "/home/cristian/Dev/TaskBudget/core/services.py", line 196, in generar_finanzas_automaticas
    movimientos, movimientos_omitidos = generar_movimientos_recurrentes(
                                        ^^^^^^^^^^^^^^^^^^^^^^^^^^^^^^^^
  File "/home/cristian/Dev/TaskBudget/core/services.py", line 101, in generar_movimientos_recurrentes
    for recurrente in recurrentes:
  File "/home/cristian/Dev/TaskBudget/.venv/lib/python3.11/site-packages/django/db/models/query.py", line 386, in __iter__
    self._fetch_all()
  File "/home/cristian/Dev/TaskBudget/.venv/lib/python3.11/site-packages/django/db/models/query.py", line 1954, in _fetch_all
    self._result_cache = list(self._iterable_class(self))
                         ^^^^^^^^^^^^^^^^^^^^^^^^^^^^^^^^
  File "/home/cristian/Dev/TaskBudget/.venv/lib/python3.11/site-packages/django/db/models/query.py", line 93, in __iter__
    results = compiler.execute_sql(
              ^^^^^^^^^^^^^^^^^^^^^
  File "/home/cristian/Dev/TaskBudget/.venv/lib/python3.11/site-packages/django/db/models/sql/compiler.py", line 1621, in execute_sql
    cursor = self.connection.cursor()
             ^^^^^^^^^^^^^^^^^^^^^^^^
  File "/home/cristian/Dev/TaskBudget/.venv/lib/python3.11/site-packages/django/utils/asyncio.py", line 26, in inner
    return func(*args, **kwargs)
           ^^^^^^^^^^^^^^^^^^^^^
  File "/home/cristian/Dev/TaskBudget/.venv/lib/python3.11/site-packages/django/db/backends/base/base.py", line 320, in cursor
    return self._cursor()
           ^^^^^^^^^^^^^^
  File "/home/cristian/Dev/TaskBudget/.venv/lib/python3.11/site-packages/django/db/backends/base/base.py", line 296, in _cursor
    self.ensure_connection()
  File "/home/cristian/Dev/TaskBudget/.venv/lib/python3.11/site-packages/django/utils/asyncio.py", line 26, in inner
    return func(*args, **kwargs)
           ^^^^^^^^^^^^^^^^^^^^^
  File "/home/cristian/Dev/TaskBudget/.venv/lib/python3.11/site-packages/django/db/backends/base/base.py", line 278, in ensure_connection
    with self.wrap_database_errors:
  File "/home/cristian/Dev/TaskBudget/.venv/lib/python3.11/site-packages/django/db/utils.py", line 91, in __exit__
    raise dj_exc_value.with_traceback(traceback) from exc_value
  File "/home/cristian/Dev/TaskBudget/.venv/lib/python3.11/site-packages/django/db/backends/base/base.py", line 279, in ensure_connection
    self.connect()
  File "/home/cristian/Dev/TaskBudget/.venv/lib/python3.11/site-packages/django/utils/asyncio.py", line 26, in inner
    return func(*args, **kwargs)
           ^^^^^^^^^^^^^^^^^^^^^
  File "/home/cristian/Dev/TaskBudget/.venv/lib/python3.11/site-packages/django/db/backends/base/base.py", line 256, in connect
    self.connection = self.get_new_connection(conn_params)
                      ^^^^^^^^^^^^^^^^^^^^^^^^^^^^^^^^^^^^
  File "/home/cristian/Dev/TaskBudget/.venv/lib/python3.11/site-packages/django/utils/asyncio.py", line 26, in inner
    return func(*args, **kwargs)
           ^^^^^^^^^^^^^^^^^^^^^
  File "/home/cristian/Dev/TaskBudget/.venv/lib/python3.11/site-packages/django/db/backends/postgresql/base.py", line 332, in get_new_connection
    connection = self.Database.connect(**conn_params)
                 ^^^^^^^^^^^^^^^^^^^^^^^^^^^^^^^^^^^^
  File "/home/cristian/Dev/TaskBudget/.venv/lib/python3.11/site-packages/psycopg/connection.py", line 129, in connect
    raise type(last_ex)("\n".join(lines)).with_traceback(None)
django.db.utils.OperationalError: connection failed: connection to server at "127.0.0.1", port 5432 failed: FATAL:  password authentication failed for user "postgres"
connection to server at "127.0.0.1", port 5432 failed: FATAL:  password authentication failed for user "postgres"
Multiple connection attempts failed. All failures were:
- host: 'localhost', port: '5432', hostaddr: '::1': connection failed: connection to server at "::1", port 5432 failed: FATAL:  password authentication failed for user "postgres"
connection to server at "::1", port 5432 failed: FATAL:  password authentication failed for user "postgres"
- host: 'localhost', port: '5432', hostaddr: '127.0.0.1': connection failed: connection to server at "127.0.0.1", port 5432 failed: FATAL:  password authentication failed for user "postgres"
connection to server at "127.0.0.1", port 5432 failed: FATAL:  password authentication failed for user "postgres"
Traceback (most recent call last):
  File "/home/cristian/Dev/TaskBudget/.venv/lib/python3.11/site-packages/django/db/backends/base/base.py", line 279, in ensure_connection
    self.connect()
  File "/home/cristian/Dev/TaskBudget/.venv/lib/python3.11/site-packages/django/utils/asyncio.py", line 26, in inner
    return func(*args, **kwargs)
           ^^^^^^^^^^^^^^^^^^^^^
  File "/home/cristian/Dev/TaskBudget/.venv/lib/python3.11/site-packages/django/db/backends/base/base.py", line 256, in connect
    self.connection = self.get_new_connection(conn_params)
                      ^^^^^^^^^^^^^^^^^^^^^^^^^^^^^^^^^^^^
  File "/home/cristian/Dev/TaskBudget/.venv/lib/python3.11/site-packages/django/utils/asyncio.py", line 26, in inner
    return func(*args, **kwargs)
           ^^^^^^^^^^^^^^^^^^^^^
  File "/home/cristian/Dev/TaskBudget/.venv/lib/python3.11/site-packages/django/db/backends/postgresql/base.py", line 332, in get_new_connection
    connection = self.Database.connect(**conn_params)
                 ^^^^^^^^^^^^^^^^^^^^^^^^^^^^^^^^^^^^
  File "/home/cristian/Dev/TaskBudget/.venv/lib/python3.11/site-packages/psycopg/connection.py", line 129, in connect
    raise type(last_ex)("\n".join(lines)).with_traceback(None)
psycopg.OperationalError: connection failed: connection to server at "127.0.0.1", port 5432 failed: FATAL:  password authentication failed for user "postgres"
connection to server at "127.0.0.1", port 5432 failed: FATAL:  password authentication failed for user "postgres"
Multiple connection attempts failed. All failures were:
- host: 'localhost', port: '5432', hostaddr: '::1': connection failed: connection to server at "::1", port 5432 failed: FATAL:  password authentication failed for user "postgres"
connection to server at "::1", port 5432 failed: FATAL:  password authentication failed for user "postgres"
- host: 'localhost', port: '5432', hostaddr: '127.0.0.1': connection failed: connection to server at "127.0.0.1", port 5432 failed: FATAL:  password authentication failed for user "postgres"
connection to server at "127.0.0.1", port 5432 failed: FATAL:  password authentication failed for user "postgres"

The above exception was the direct cause of the following exception:

Traceback (most recent call last):
  File "/home/cristian/Dev/TaskBudget/manage.py", line 22, in <module>
    main()
  File "/home/cristian/Dev/TaskBudget/manage.py", line 18, in main
    execute_from_command_line(sys.argv)
  File "/home/cristian/Dev/TaskBudget/.venv/lib/python3.11/site-packages/django/core/management/__init__.py", line 442, in execute_from_command_line
    utility.execute()
  File "/home/cristian/Dev/TaskBudget/.venv/lib/python3.11/site-packages/django/core/management/__init__.py", line 436, in execute
    self.fetch_command(subcommand).run_from_argv(self.argv)
  File "/home/cristian/Dev/TaskBudget/.venv/lib/python3.11/site-packages/django/core/management/base.py", line 420, in run_from_argv
    self.execute(*args, **cmd_options)
  File "/home/cristian/Dev/TaskBudget/.venv/lib/python3.11/site-packages/django/core/management/base.py", line 464, in execute
    output = self.handle(*args, **options)
             ^^^^^^^^^^^^^^^^^^^^^^^^^^^^^
  File "/home/cristian/Dev/TaskBudget/core/management/commands/generar_recurrentes.py", line 37, in handle
    resultado = generar_finanzas_automaticas(
                ^^^^^^^^^^^^^^^^^^^^^^^^^^^^^
  File "/home/cristian/Dev/TaskBudget/core/services.py", line 196, in generar_finanzas_automaticas
    movimientos, movimientos_omitidos = generar_movimientos_recurrentes(
                                        ^^^^^^^^^^^^^^^^^^^^^^^^^^^^^^^^
  File "/home/cristian/Dev/TaskBudget/core/services.py", line 101, in generar_movimientos_recurrentes
    for recurrente in recurrentes:
  File "/home/cristian/Dev/TaskBudget/.venv/lib/python3.11/site-packages/django/db/models/query.py", line 386, in __iter__
    self._fetch_all()
  File "/home/cristian/Dev/TaskBudget/.venv/lib/python3.11/site-packages/django/db/models/query.py", line 1954, in _fetch_all
    self._result_cache = list(self._iterable_class(self))
                         ^^^^^^^^^^^^^^^^^^^^^^^^^^^^^^^^
  File "/home/cristian/Dev/TaskBudget/.venv/lib/python3.11/site-packages/django/db/models/query.py", line 93, in __iter__
    results = compiler.execute_sql(
              ^^^^^^^^^^^^^^^^^^^^^
  File "/home/cristian/Dev/TaskBudget/.venv/lib/python3.11/site-packages/django/db/models/sql/compiler.py", line 1621, in execute_sql
    cursor = self.connection.cursor()
             ^^^^^^^^^^^^^^^^^^^^^^^^
  File "/home/cristian/Dev/TaskBudget/.venv/lib/python3.11/site-packages/django/utils/asyncio.py", line 26, in inner
    return func(*args, **kwargs)
           ^^^^^^^^^^^^^^^^^^^^^
  File "/home/cristian/Dev/TaskBudget/.venv/lib/python3.11/site-packages/django/db/backends/base/base.py", line 320, in cursor
    return self._cursor()
           ^^^^^^^^^^^^^^
  File "/home/cristian/Dev/TaskBudget/.venv/lib/python3.11/site-packages/django/db/backends/base/base.py", line 296, in _cursor
    self.ensure_connection()
  File "/home/cristian/Dev/TaskBudget/.venv/lib/python3.11/site-packages/django/utils/asyncio.py", line 26, in inner
    return func(*args, **kwargs)
           ^^^^^^^^^^^^^^^^^^^^^
  File "/home/cristian/Dev/TaskBudget/.venv/lib/python3.11/site-packages/django/db/backends/base/base.py", line 278, in ensure_connection
    with self.wrap_database_errors:
  File "/home/cristian/Dev/TaskBudget/.venv/lib/python3.11/site-packages/django/db/utils.py", line 91, in __exit__
    raise dj_exc_value.with_traceback(traceback) from exc_value
  File "/home/cristian/Dev/TaskBudget/.venv/lib/python3.11/site-packages/django/db/backends/base/base.py", line 279, in ensure_connection
    self.connect()
  File "/home/cristian/Dev/TaskBudget/.venv/lib/python3.11/site-packages/django/utils/asyncio.py", line 26, in inner
    return func(*args, **kwargs)
           ^^^^^^^^^^^^^^^^^^^^^
  File "/home/cristian/Dev/TaskBudget/.venv/lib/python3.11/site-packages/django/db/backends/base/base.py", line 256, in connect
    self.connection = self.get_new_connection(conn_params)
                      ^^^^^^^^^^^^^^^^^^^^^^^^^^^^^^^^^^^^
  File "/home/cristian/Dev/TaskBudget/.venv/lib/python3.11/site-packages/django/utils/asyncio.py", line 26, in inner
    return func(*args, **kwargs)
           ^^^^^^^^^^^^^^^^^^^^^
  File "/home/cristian/Dev/TaskBudget/.venv/lib/python3.11/site-packages/django/db/backends/postgresql/base.py", line 332, in get_new_connection
    connection = self.Database.connect(**conn_params)
                 ^^^^^^^^^^^^^^^^^^^^^^^^^^^^^^^^^^^^
  File "/home/cristian/Dev/TaskBudget/.venv/lib/python3.11/site-packages/psycopg/connection.py", line 129, in connect
    raise type(last_ex)("\n".join(lines)).with_traceback(None)
django.db.utils.OperationalError: connection failed: connection to server at "127.0.0.1", port 5432 failed: FATAL:  password authentication failed for user "postgres"
connection to server at "127.0.0.1", port 5432 failed: FATAL:  password authentication failed for user "postgres"
Multiple connection attempts failed. All failures were:
- host: 'localhost', port: '5432', hostaddr: '::1': connection failed: connection to server at "::1", port 5432 failed: FATAL:  password authentication failed for user "postgres"
connection to server at "::1", port 5432 failed: FATAL:  password authentication failed for user "postgres"
- host: 'localhost', port: '5432', hostaddr: '127.0.0.1': connection failed: connection to server at "127.0.0.1", port 5432 failed: FATAL:  password authentication failed for user "postgres"
connection to server at "127.0.0.1", port 5432 failed: FATAL:  password authentication failed for user "postgres"
Traceback (most recent call last):
  File "/home/cristian/Dev/TaskBudget/.venv/lib/python3.11/site-packages/django/db/backends/base/base.py", line 279, in ensure_connection
    self.connect()
  File "/home/cristian/Dev/TaskBudget/.venv/lib/python3.11/site-packages/django/utils/asyncio.py", line 26, in inner
    return func(*args, **kwargs)
           ^^^^^^^^^^^^^^^^^^^^^
  File "/home/cristian/Dev/TaskBudget/.venv/lib/python3.11/site-packages/django/db/backends/base/base.py", line 256, in connect
    self.connection = self.get_new_connection(conn_params)
                      ^^^^^^^^^^^^^^^^^^^^^^^^^^^^^^^^^^^^
  File "/home/cristian/Dev/TaskBudget/.venv/lib/python3.11/site-packages/django/utils/asyncio.py", line 26, in inner
    return func(*args, **kwargs)
           ^^^^^^^^^^^^^^^^^^^^^
  File "/home/cristian/Dev/TaskBudget/.venv/lib/python3.11/site-packages/django/db/backends/postgresql/base.py", line 332, in get_new_connection
    connection = self.Database.connect(**conn_params)
                 ^^^^^^^^^^^^^^^^^^^^^^^^^^^^^^^^^^^^
  File "/home/cristian/Dev/TaskBudget/.venv/lib/python3.11/site-packages/psycopg/connection.py", line 129, in connect
    raise type(last_ex)("\n".join(lines)).with_traceback(None)
psycopg.OperationalError: connection failed: connection to server at "127.0.0.1", port 5432 failed: FATAL:  password authentication failed for user "postgres"
connection to server at "127.0.0.1", port 5432 failed: FATAL:  password authentication failed for user "postgres"
Multiple connection attempts failed. All failures were:
- host: 'localhost', port: '5432', hostaddr: '::1': connection failed: connection to server at "::1", port 5432 failed: FATAL:  password authentication failed for user "postgres"
connection to server at "::1", port 5432 failed: FATAL:  password authentication failed for user "postgres"
- host: 'localhost', port: '5432', hostaddr: '127.0.0.1': connection failed: connection to server at "127.0.0.1", port 5432 failed: FATAL:  password authentication failed for user "postgres"
connection to server at "127.0.0.1", port 5432 failed: FATAL:  password authentication failed for user "postgres"

The above exception was the direct cause of the following exception:

Traceback (most recent call last):
  File "/home/cristian/Dev/TaskBudget/manage.py", line 22, in <module>
    main()
  File "/home/cristian/Dev/TaskBudget/manage.py", line 18, in main
    execute_from_command_line(sys.argv)
  File "/home/cristian/Dev/TaskBudget/.venv/lib/python3.11/site-packages/django/core/management/__init__.py", line 442, in execute_from_command_line
    utility.execute()
  File "/home/cristian/Dev/TaskBudget/.venv/lib/python3.11/site-packages/django/core/management/__init__.py", line 436, in execute
    self.fetch_command(subcommand).run_from_argv(self.argv)
  File "/home/cristian/Dev/TaskBudget/.venv/lib/python3.11/site-packages/django/core/management/base.py", line 420, in run_from_argv
    self.execute(*args, **cmd_options)
  File "/home/cristian/Dev/TaskBudget/.venv/lib/python3.11/site-packages/django/core/management/base.py", line 464, in execute
    output = self.handle(*args, **options)
             ^^^^^^^^^^^^^^^^^^^^^^^^^^^^^
  File "/home/cristian/Dev/TaskBudget/core/management/commands/generar_recurrentes.py", line 37, in handle
    resultado = generar_finanzas_automaticas(
                ^^^^^^^^^^^^^^^^^^^^^^^^^^^^^
  File "/home/cristian/Dev/TaskBudget/core/services.py", line 196, in generar_finanzas_automaticas
    movimientos, movimientos_omitidos = generar_movimientos_recurrentes(
                                        ^^^^^^^^^^^^^^^^^^^^^^^^^^^^^^^^
  File "/home/cristian/Dev/TaskBudget/core/services.py", line 101, in generar_movimientos_recurrentes
    for recurrente in recurrentes:
  File "/home/cristian/Dev/TaskBudget/.venv/lib/python3.11/site-packages/django/db/models/query.py", line 386, in __iter__
    self._fetch_all()
  File "/home/cristian/Dev/TaskBudget/.venv/lib/python3.11/site-packages/django/db/models/query.py", line 1954, in _fetch_all
    self._result_cache = list(self._iterable_class(self))
                         ^^^^^^^^^^^^^^^^^^^^^^^^^^^^^^^^
  File "/home/cristian/Dev/TaskBudget/.venv/lib/python3.11/site-packages/django/db/models/query.py", line 93, in __iter__
    results = compiler.execute_sql(
              ^^^^^^^^^^^^^^^^^^^^^
  File "/home/cristian/Dev/TaskBudget/.venv/lib/python3.11/site-packages/django/db/models/sql/compiler.py", line 1621, in execute_sql
    cursor = self.connection.cursor()
             ^^^^^^^^^^^^^^^^^^^^^^^^
  File "/home/cristian/Dev/TaskBudget/.venv/lib/python3.11/site-packages/django/utils/asyncio.py", line 26, in inner
    return func(*args, **kwargs)
           ^^^^^^^^^^^^^^^^^^^^^
  File "/home/cristian/Dev/TaskBudget/.venv/lib/python3.11/site-packages/django/db/backends/base/base.py", line 320, in cursor
    return self._cursor()
           ^^^^^^^^^^^^^^
  File "/home/cristian/Dev/TaskBudget/.venv/lib/python3.11/site-packages/django/db/backends/base/base.py", line 296, in _cursor
    self.ensure_connection()
  File "/home/cristian/Dev/TaskBudget/.venv/lib/python3.11/site-packages/django/utils/asyncio.py", line 26, in inner
    return func(*args, **kwargs)
           ^^^^^^^^^^^^^^^^^^^^^
  File "/home/cristian/Dev/TaskBudget/.venv/lib/python3.11/site-packages/django/db/backends/base/base.py", line 278, in ensure_connection
    with self.wrap_database_errors:
  File "/home/cristian/Dev/TaskBudget/.venv/lib/python3.11/site-packages/django/db/utils.py", line 91, in __exit__
    raise dj_exc_value.with_traceback(traceback) from exc_value
  File "/home/cristian/Dev/TaskBudget/.venv/lib/python3.11/site-packages/django/db/backends/base/base.py", line 279, in ensure_connection
    self.connect()
  File "/home/cristian/Dev/TaskBudget/.venv/lib/python3.11/site-packages/django/utils/asyncio.py", line 26, in inner
    return func(*args, **kwargs)
           ^^^^^^^^^^^^^^^^^^^^^
  File "/home/cristian/Dev/TaskBudget/.venv/lib/python3.11/site-packages/django/db/backends/base/base.py", line 256, in connect
    self.connection = self.get_new_connection(conn_params)
                      ^^^^^^^^^^^^^^^^^^^^^^^^^^^^^^^^^^^^
  File "/home/cristian/Dev/TaskBudget/.venv/lib/python3.11/site-packages/django/utils/asyncio.py", line 26, in inner
    return func(*args, **kwargs)
           ^^^^^^^^^^^^^^^^^^^^^
  File "/home/cristian/Dev/TaskBudget/.venv/lib/python3.11/site-packages/django/db/backends/postgresql/base.py", line 332, in get_new_connection
    connection = self.Database.connect(**conn_params)
                 ^^^^^^^^^^^^^^^^^^^^^^^^^^^^^^^^^^^^
  File "/home/cristian/Dev/TaskBudget/.venv/lib/python3.11/site-packages/psycopg/connection.py", line 129, in connect
    raise type(last_ex)("\n".join(lines)).with_traceback(None)
django.db.utils.OperationalError: connection failed: connection to server at "127.0.0.1", port 5432 failed: FATAL:  password authentication failed for user "postgres"
connection to server at "127.0.0.1", port 5432 failed: FATAL:  password authentication failed for user "postgres"
Multiple connection attempts failed. All failures were:
- host: 'localhost', port: '5432', hostaddr: '::1': connection failed: connection to server at "::1", port 5432 failed: FATAL:  password authentication failed for user "postgres"
connection to server at "::1", port 5432 failed: FATAL:  password authentication failed for user "postgres"
- host: 'localhost', port: '5432', hostaddr: '127.0.0.1': connection failed: connection to server at "127.0.0.1", port 5432 failed: FATAL:  password authentication failed for user "postgres"
connection to server at "127.0.0.1", port 5432 failed: FATAL:  password authentication failed for user "postgres"
Traceback (most recent call last):
  File "/home/cristian/Dev/TaskBudget/.venv/lib/python3.11/site-packages/django/db/backends/base/base.py", line 279, in ensure_connection
    self.connect()
  File "/home/cristian/Dev/TaskBudget/.venv/lib/python3.11/site-packages/django/utils/asyncio.py", line 26, in inner
    return func(*args, **kwargs)
           ^^^^^^^^^^^^^^^^^^^^^
  File "/home/cristian/Dev/TaskBudget/.venv/lib/python3.11/site-packages/django/db/backends/base/base.py", line 256, in connect
    self.connection = self.get_new_connection(conn_params)
                      ^^^^^^^^^^^^^^^^^^^^^^^^^^^^^^^^^^^^
  File "/home/cristian/Dev/TaskBudget/.venv/lib/python3.11/site-packages/django/utils/asyncio.py", line 26, in inner
    return func(*args, **kwargs)
           ^^^^^^^^^^^^^^^^^^^^^
  File "/home/cristian/Dev/TaskBudget/.venv/lib/python3.11/site-packages/django/db/backends/postgresql/base.py", line 332, in get_new_connection
    connection = self.Database.connect(**conn_params)
                 ^^^^^^^^^^^^^^^^^^^^^^^^^^^^^^^^^^^^
  File "/home/cristian/Dev/TaskBudget/.venv/lib/python3.11/site-packages/psycopg/connection.py", line 129, in connect
    raise type(last_ex)("\n".join(lines)).with_traceback(None)
psycopg.OperationalError: connection failed: connection to server at "127.0.0.1", port 5432 failed: FATAL:  password authentication failed for user "postgres"
connection to server at "127.0.0.1", port 5432 failed: FATAL:  password authentication failed for user "postgres"
Multiple connection attempts failed. All failures were:
- host: 'localhost', port: '5432', hostaddr: '::1': connection failed: connection to server at "::1", port 5432 failed: FATAL:  password authentication failed for user "postgres"
connection to server at "::1", port 5432 failed: FATAL:  password authentication failed for user "postgres"
- host: 'localhost', port: '5432', hostaddr: '127.0.0.1': connection failed: connection to server at "127.0.0.1", port 5432 failed: FATAL:  password authentication failed for user "postgres"
connection to server at "127.0.0.1", port 5432 failed: FATAL:  password authentication failed for user "postgres"

The above exception was the direct cause of the following exception:

Traceback (most recent call last):
  File "/home/cristian/Dev/TaskBudget/manage.py", line 22, in <module>
    main()
  File "/home/cristian/Dev/TaskBudget/manage.py", line 18, in main
    execute_from_command_line(sys.argv)
  File "/home/cristian/Dev/TaskBudget/.venv/lib/python3.11/site-packages/django/core/management/__init__.py", line 442, in execute_from_command_line
    utility.execute()
  File "/home/cristian/Dev/TaskBudget/.venv/lib/python3.11/site-packages/django/core/management/__init__.py", line 436, in execute
    self.fetch_command(subcommand).run_from_argv(self.argv)
  File "/home/cristian/Dev/TaskBudget/.venv/lib/python3.11/site-packages/django/core/management/base.py", line 420, in run_from_argv
    self.execute(*args, **cmd_options)
  File "/home/cristian/Dev/TaskBudget/.venv/lib/python3.11/site-packages/django/core/management/base.py", line 464, in execute
    output = self.handle(*args, **options)
             ^^^^^^^^^^^^^^^^^^^^^^^^^^^^^
  File "/home/cristian/Dev/TaskBudget/core/management/commands/generar_recurrentes.py", line 37, in handle
    resultado = generar_finanzas_automaticas(
                ^^^^^^^^^^^^^^^^^^^^^^^^^^^^^
  File "/home/cristian/Dev/TaskBudget/core/services.py", line 196, in generar_finanzas_automaticas
    movimientos, movimientos_omitidos = generar_movimientos_recurrentes(
                                        ^^^^^^^^^^^^^^^^^^^^^^^^^^^^^^^^
  File "/home/cristian/Dev/TaskBudget/core/services.py", line 101, in generar_movimientos_recurrentes
    for recurrente in recurrentes:
  File "/home/cristian/Dev/TaskBudget/.venv/lib/python3.11/site-packages/django/db/models/query.py", line 386, in __iter__
    self._fetch_all()
  File "/home/cristian/Dev/TaskBudget/.venv/lib/python3.11/site-packages/django/db/models/query.py", line 1954, in _fetch_all
    self._result_cache = list(self._iterable_class(self))
                         ^^^^^^^^^^^^^^^^^^^^^^^^^^^^^^^^
  File "/home/cristian/Dev/TaskBudget/.venv/lib/python3.11/site-packages/django/db/models/query.py", line 93, in __iter__
    results = compiler.execute_sql(
              ^^^^^^^^^^^^^^^^^^^^^
  File "/home/cristian/Dev/TaskBudget/.venv/lib/python3.11/site-packages/django/db/models/sql/compiler.py", line 1621, in execute_sql
    cursor = self.connection.cursor()
             ^^^^^^^^^^^^^^^^^^^^^^^^
  File "/home/cristian/Dev/TaskBudget/.venv/lib/python3.11/site-packages/django/utils/asyncio.py", line 26, in inner
    return func(*args, **kwargs)
           ^^^^^^^^^^^^^^^^^^^^^
  File "/home/cristian/Dev/TaskBudget/.venv/lib/python3.11/site-packages/django/db/backends/base/base.py", line 320, in cursor
    return self._cursor()
           ^^^^^^^^^^^^^^
  File "/home/cristian/Dev/TaskBudget/.venv/lib/python3.11/site-packages/django/db/backends/base/base.py", line 296, in _cursor
    self.ensure_connection()
  File "/home/cristian/Dev/TaskBudget/.venv/lib/python3.11/site-packages/django/utils/asyncio.py", line 26, in inner
    return func(*args, **kwargs)
           ^^^^^^^^^^^^^^^^^^^^^
  File "/home/cristian/Dev/TaskBudget/.venv/lib/python3.11/site-packages/django/db/backends/base/base.py", line 278, in ensure_connection
    with self.wrap_database_errors:
  File "/home/cristian/Dev/TaskBudget/.venv/lib/python3.11/site-packages/django/db/utils.py", line 91, in __exit__
    raise dj_exc_value.with_traceback(traceback) from exc_value
  File "/home/cristian/Dev/TaskBudget/.venv/lib/python3.11/site-packages/django/db/backends/base/base.py", line 279, in ensure_connection
    self.connect()
  File "/home/cristian/Dev/TaskBudget/.venv/lib/python3.11/site-packages/django/utils/asyncio.py", line 26, in inner
    return func(*args, **kwargs)
           ^^^^^^^^^^^^^^^^^^^^^
  File "/home/cristian/Dev/TaskBudget/.venv/lib/python3.11/site-packages/django/db/backends/base/base.py", line 256, in connect
    self.connection = self.get_new_connection(conn_params)
                      ^^^^^^^^^^^^^^^^^^^^^^^^^^^^^^^^^^^^
  File "/home/cristian/Dev/TaskBudget/.venv/lib/python3.11/site-packages/django/utils/asyncio.py", line 26, in inner
    return func(*args, **kwargs)
           ^^^^^^^^^^^^^^^^^^^^^
  File "/home/cristian/Dev/TaskBudget/.venv/lib/python3.11/site-packages/django/db/backends/postgresql/base.py", line 332, in get_new_connection
    connection = self.Database.connect(**conn_params)
                 ^^^^^^^^^^^^^^^^^^^^^^^^^^^^^^^^^^^^
  File "/home/cristian/Dev/TaskBudget/.venv/lib/python3.11/site-packages/psycopg/connection.py", line 129, in connect
    raise type(last_ex)("\n".join(lines)).with_traceback(None)
django.db.utils.OperationalError: connection failed: connection to server at "127.0.0.1", port 5432 failed: FATAL:  password authentication failed for user "postgres"
connection to server at "127.0.0.1", port 5432 failed: FATAL:  password authentication failed for user "postgres"
Multiple connection attempts failed. All failures were:
- host: 'localhost', port: '5432', hostaddr: '::1': connection failed: connection to server at "::1", port 5432 failed: FATAL:  password authentication failed for user "postgres"
connection to server at "::1", port 5432 failed: FATAL:  password authentication failed for user "postgres"
- host: 'localhost', port: '5432', hostaddr: '127.0.0.1': connection failed: connection to server at "127.0.0.1", port 5432 failed: FATAL:  password authentication failed for user "postgres"
connection to server at "127.0.0.1", port 5432 failed: FATAL:  password authentication failed for user "postgres"
Traceback (most recent call last):
  File "/home/cristian/Dev/TaskBudget/.venv/lib/python3.11/site-packages/django/db/backends/base/base.py", line 279, in ensure_connection
    self.connect()
  File "/home/cristian/Dev/TaskBudget/.venv/lib/python3.11/site-packages/django/utils/asyncio.py", line 26, in inner
    return func(*args, **kwargs)
           ^^^^^^^^^^^^^^^^^^^^^
  File "/home/cristian/Dev/TaskBudget/.venv/lib/python3.11/site-packages/django/db/backends/base/base.py", line 256, in connect
    self.connection = self.get_new_connection(conn_params)
                      ^^^^^^^^^^^^^^^^^^^^^^^^^^^^^^^^^^^^
  File "/home/cristian/Dev/TaskBudget/.venv/lib/python3.11/site-packages/django/utils/asyncio.py", line 26, in inner
    return func(*args, **kwargs)
           ^^^^^^^^^^^^^^^^^^^^^
  File "/home/cristian/Dev/TaskBudget/.venv/lib/python3.11/site-packages/django/db/backends/postgresql/base.py", line 332, in get_new_connection
    connection = self.Database.connect(**conn_params)
                 ^^^^^^^^^^^^^^^^^^^^^^^^^^^^^^^^^^^^
  File "/home/cristian/Dev/TaskBudget/.venv/lib/python3.11/site-packages/psycopg/connection.py", line 129, in connect
    raise type(last_ex)("\n".join(lines)).with_traceback(None)
psycopg.OperationalError: connection failed: connection to server at "127.0.0.1", port 5432 failed: FATAL:  password authentication failed for user "postgres"
connection to server at "127.0.0.1", port 5432 failed: FATAL:  password authentication failed for user "postgres"
Multiple connection attempts failed. All failures were:
- host: 'localhost', port: '5432', hostaddr: '::1': connection failed: connection to server at "::1", port 5432 failed: FATAL:  password authentication failed for user "postgres"
connection to server at "::1", port 5432 failed: FATAL:  password authentication failed for user "postgres"
- host: 'localhost', port: '5432', hostaddr: '127.0.0.1': connection failed: connection to server at "127.0.0.1", port 5432 failed: FATAL:  password authentication failed for user "postgres"
connection to server at "127.0.0.1", port 5432 failed: FATAL:  password authentication failed for user "postgres"

The above exception was the direct cause of the following exception:

Traceback (most recent call last):
  File "/home/cristian/Dev/TaskBudget/manage.py", line 22, in <module>
    main()
  File "/home/cristian/Dev/TaskBudget/manage.py", line 18, in main
    execute_from_command_line(sys.argv)
  File "/home/cristian/Dev/TaskBudget/.venv/lib/python3.11/site-packages/django/core/management/__init__.py", line 442, in execute_from_command_line
    utility.execute()
  File "/home/cristian/Dev/TaskBudget/.venv/lib/python3.11/site-packages/django/core/management/__init__.py", line 436, in execute
    self.fetch_command(subcommand).run_from_argv(self.argv)
  File "/home/cristian/Dev/TaskBudget/.venv/lib/python3.11/site-packages/django/core/management/base.py", line 420, in run_from_argv
    self.execute(*args, **cmd_options)
  File "/home/cristian/Dev/TaskBudget/.venv/lib/python3.11/site-packages/django/core/management/base.py", line 464, in execute
    output = self.handle(*args, **options)
             ^^^^^^^^^^^^^^^^^^^^^^^^^^^^^
  File "/home/cristian/Dev/TaskBudget/core/management/commands/generar_recurrentes.py", line 37, in handle
    resultado = generar_finanzas_automaticas(
                ^^^^^^^^^^^^^^^^^^^^^^^^^^^^^
  File "/home/cristian/Dev/TaskBudget/core/services.py", line 196, in generar_finanzas_automaticas
    movimientos, movimientos_omitidos = generar_movimientos_recurrentes(
                                        ^^^^^^^^^^^^^^^^^^^^^^^^^^^^^^^^
  File "/home/cristian/Dev/TaskBudget/core/services.py", line 101, in generar_movimientos_recurrentes
    for recurrente in recurrentes:
  File "/home/cristian/Dev/TaskBudget/.venv/lib/python3.11/site-packages/django/db/models/query.py", line 386, in __iter__
    self._fetch_all()
  File "/home/cristian/Dev/TaskBudget/.venv/lib/python3.11/site-packages/django/db/models/query.py", line 1954, in _fetch_all
    self._result_cache = list(self._iterable_class(self))
                         ^^^^^^^^^^^^^^^^^^^^^^^^^^^^^^^^
  File "/home/cristian/Dev/TaskBudget/.venv/lib/python3.11/site-packages/django/db/models/query.py", line 93, in __iter__
    results = compiler.execute_sql(
              ^^^^^^^^^^^^^^^^^^^^^
  File "/home/cristian/Dev/TaskBudget/.venv/lib/python3.11/site-packages/django/db/models/sql/compiler.py", line 1621, in execute_sql
    cursor = self.connection.cursor()
             ^^^^^^^^^^^^^^^^^^^^^^^^
  File "/home/cristian/Dev/TaskBudget/.venv/lib/python3.11/site-packages/django/utils/asyncio.py", line 26, in inner
    return func(*args, **kwargs)
           ^^^^^^^^^^^^^^^^^^^^^
  File "/home/cristian/Dev/TaskBudget/.venv/lib/python3.11/site-packages/django/db/backends/base/base.py", line 320, in cursor
    return self._cursor()
           ^^^^^^^^^^^^^^
  File "/home/cristian/Dev/TaskBudget/.venv/lib/python3.11/site-packages/django/db/backends/base/base.py", line 296, in _cursor
    self.ensure_connection()
  File "/home/cristian/Dev/TaskBudget/.venv/lib/python3.11/site-packages/django/utils/asyncio.py", line 26, in inner
    return func(*args, **kwargs)
           ^^^^^^^^^^^^^^^^^^^^^
  File "/home/cristian/Dev/TaskBudget/.venv/lib/python3.11/site-packages/django/db/backends/base/base.py", line 278, in ensure_connection
    with self.wrap_database_errors:
  File "/home/cristian/Dev/TaskBudget/.venv/lib/python3.11/site-packages/django/db/utils.py", line 91, in __exit__
    raise dj_exc_value.with_traceback(traceback) from exc_value
  File "/home/cristian/Dev/TaskBudget/.venv/lib/python3.11/site-packages/django/db/backends/base/base.py", line 279, in ensure_connection
    self.connect()
  File "/home/cristian/Dev/TaskBudget/.venv/lib/python3.11/site-packages/django/utils/asyncio.py", line 26, in inner
    return func(*args, **kwargs)
           ^^^^^^^^^^^^^^^^^^^^^
  File "/home/cristian/Dev/TaskBudget/.venv/lib/python3.11/site-packages/django/db/backends/base/base.py", line 256, in connect
    self.connection = self.get_new_connection(conn_params)
                      ^^^^^^^^^^^^^^^^^^^^^^^^^^^^^^^^^^^^
  File "/home/cristian/Dev/TaskBudget/.venv/lib/python3.11/site-packages/django/utils/asyncio.py", line 26, in inner
    return func(*args, **kwargs)
           ^^^^^^^^^^^^^^^^^^^^^
  File "/home/cristian/Dev/TaskBudget/.venv/lib/python3.11/site-packages/django/db/backends/postgresql/base.py", line 332, in get_new_connection
    connection = self.Database.connect(**conn_params)
                 ^^^^^^^^^^^^^^^^^^^^^^^^^^^^^^^^^^^^
  File "/home/cristian/Dev/TaskBudget/.venv/lib/python3.11/site-packages/psycopg/connection.py", line 129, in connect
    raise type(last_ex)("\n".join(lines)).with_traceback(None)
django.db.utils.OperationalError: connection failed: connection to server at "127.0.0.1", port 5432 failed: FATAL:  password authentication failed for user "postgres"
connection to server at "127.0.0.1", port 5432 failed: FATAL:  password authentication failed for user "postgres"
Multiple connection attempts failed. All failures were:
- host: 'localhost', port: '5432', hostaddr: '::1': connection failed: connection to server at "::1", port 5432 failed: FATAL:  password authentication failed for user "postgres"
connection to server at "::1", port 5432 failed: FATAL:  password authentication failed for user "postgres"
- host: 'localhost', port: '5432', hostaddr: '127.0.0.1': connection failed: connection to server at "127.0.0.1", port 5432 failed: FATAL:  password authentication failed for user "postgres"
connection to server at "127.0.0.1", port 5432 failed: FATAL:  password authentication failed for user "postgres"
Traceback (most recent call last):
  File "/home/cristian/Dev/TaskBudget/.venv/lib/python3.11/site-packages/django/db/backends/base/base.py", line 279, in ensure_connection
    self.connect()
  File "/home/cristian/Dev/TaskBudget/.venv/lib/python3.11/site-packages/django/utils/asyncio.py", line 26, in inner
    return func(*args, **kwargs)
           ^^^^^^^^^^^^^^^^^^^^^
  File "/home/cristian/Dev/TaskBudget/.venv/lib/python3.11/site-packages/django/db/backends/base/base.py", line 256, in connect
    self.connection = self.get_new_connection(conn_params)
                      ^^^^^^^^^^^^^^^^^^^^^^^^^^^^^^^^^^^^
  File "/home/cristian/Dev/TaskBudget/.venv/lib/python3.11/site-packages/django/utils/asyncio.py", line 26, in inner
    return func(*args, **kwargs)
           ^^^^^^^^^^^^^^^^^^^^^
  File "/home/cristian/Dev/TaskBudget/.venv/lib/python3.11/site-packages/django/db/backends/postgresql/base.py", line 332, in get_new_connection
    connection = self.Database.connect(**conn_params)
                 ^^^^^^^^^^^^^^^^^^^^^^^^^^^^^^^^^^^^
  File "/home/cristian/Dev/TaskBudget/.venv/lib/python3.11/site-packages/psycopg/connection.py", line 129, in connect
    raise type(last_ex)("\n".join(lines)).with_traceback(None)
psycopg.OperationalError: connection failed: connection to server at "127.0.0.1", port 5432 failed: FATAL:  password authentication failed for user "postgres"
connection to server at "127.0.0.1", port 5432 failed: FATAL:  password authentication failed for user "postgres"
Multiple connection attempts failed. All failures were:
- host: 'localhost', port: '5432', hostaddr: '::1': connection failed: connection to server at "::1", port 5432 failed: FATAL:  password authentication failed for user "postgres"
connection to server at "::1", port 5432 failed: FATAL:  password authentication failed for user "postgres"
- host: 'localhost', port: '5432', hostaddr: '127.0.0.1': connection failed: connection to server at "127.0.0.1", port 5432 failed: FATAL:  password authentication failed for user "postgres"
connection to server at "127.0.0.1", port 5432 failed: FATAL:  password authentication failed for user "postgres"

The above exception was the direct cause of the following exception:

Traceback (most recent call last):
  File "/home/cristian/Dev/TaskBudget/manage.py", line 22, in <module>
    main()
  File "/home/cristian/Dev/TaskBudget/manage.py", line 18, in main
    execute_from_command_line(sys.argv)
  File "/home/cristian/Dev/TaskBudget/.venv/lib/python3.11/site-packages/django/core/management/__init__.py", line 442, in execute_from_command_line
    utility.execute()
  File "/home/cristian/Dev/TaskBudget/.venv/lib/python3.11/site-packages/django/core/management/__init__.py", line 436, in execute
    self.fetch_command(subcommand).run_from_argv(self.argv)
  File "/home/cristian/Dev/TaskBudget/.venv/lib/python3.11/site-packages/django/core/management/base.py", line 420, in run_from_argv
    self.execute(*args, **cmd_options)
  File "/home/cristian/Dev/TaskBudget/.venv/lib/python3.11/site-packages/django/core/management/base.py", line 464, in execute
    output = self.handle(*args, **options)
             ^^^^^^^^^^^^^^^^^^^^^^^^^^^^^
  File "/home/cristian/Dev/TaskBudget/core/management/commands/generar_recurrentes.py", line 37, in handle
    resultado = generar_finanzas_automaticas(
                ^^^^^^^^^^^^^^^^^^^^^^^^^^^^^
  File "/home/cristian/Dev/TaskBudget/core/services.py", line 196, in generar_finanzas_automaticas
    movimientos, movimientos_omitidos = generar_movimientos_recurrentes(
                                        ^^^^^^^^^^^^^^^^^^^^^^^^^^^^^^^^
  File "/home/cristian/Dev/TaskBudget/core/services.py", line 101, in generar_movimientos_recurrentes
    for recurrente in recurrentes:
  File "/home/cristian/Dev/TaskBudget/.venv/lib/python3.11/site-packages/django/db/models/query.py", line 386, in __iter__
    self._fetch_all()
  File "/home/cristian/Dev/TaskBudget/.venv/lib/python3.11/site-packages/django/db/models/query.py", line 1954, in _fetch_all
    self._result_cache = list(self._iterable_class(self))
                         ^^^^^^^^^^^^^^^^^^^^^^^^^^^^^^^^
  File "/home/cristian/Dev/TaskBudget/.venv/lib/python3.11/site-packages/django/db/models/query.py", line 93, in __iter__
    results = compiler.execute_sql(
              ^^^^^^^^^^^^^^^^^^^^^
  File "/home/cristian/Dev/TaskBudget/.venv/lib/python3.11/site-packages/django/db/models/sql/compiler.py", line 1621, in execute_sql
    cursor = self.connection.cursor()
             ^^^^^^^^^^^^^^^^^^^^^^^^
  File "/home/cristian/Dev/TaskBudget/.venv/lib/python3.11/site-packages/django/utils/asyncio.py", line 26, in inner
    return func(*args, **kwargs)
           ^^^^^^^^^^^^^^^^^^^^^
  File "/home/cristian/Dev/TaskBudget/.venv/lib/python3.11/site-packages/django/db/backends/base/base.py", line 320, in cursor
    return self._cursor()
           ^^^^^^^^^^^^^^
  File "/home/cristian/Dev/TaskBudget/.venv/lib/python3.11/site-packages/django/db/backends/base/base.py", line 296, in _cursor
    self.ensure_connection()
  File "/home/cristian/Dev/TaskBudget/.venv/lib/python3.11/site-packages/django/utils/asyncio.py", line 26, in inner
    return func(*args, **kwargs)
           ^^^^^^^^^^^^^^^^^^^^^
  File "/home/cristian/Dev/TaskBudget/.venv/lib/python3.11/site-packages/django/db/backends/base/base.py", line 278, in ensure_connection
    with self.wrap_database_errors:
  File "/home/cristian/Dev/TaskBudget/.venv/lib/python3.11/site-packages/django/db/utils.py", line 91, in __exit__
    raise dj_exc_value.with_traceback(traceback) from exc_value
  File "/home/cristian/Dev/TaskBudget/.venv/lib/python3.11/site-packages/django/db/backends/base/base.py", line 279, in ensure_connection
    self.connect()
  File "/home/cristian/Dev/TaskBudget/.venv/lib/python3.11/site-packages/django/utils/asyncio.py", line 26, in inner
    return func(*args, **kwargs)
           ^^^^^^^^^^^^^^^^^^^^^
  File "/home/cristian/Dev/TaskBudget/.venv/lib/python3.11/site-packages/django/db/backends/base/base.py", line 256, in connect
    self.connection = self.get_new_connection(conn_params)
                      ^^^^^^^^^^^^^^^^^^^^^^^^^^^^^^^^^^^^
  File "/home/cristian/Dev/TaskBudget/.venv/lib/python3.11/site-packages/django/utils/asyncio.py", line 26, in inner
    return func(*args, **kwargs)
           ^^^^^^^^^^^^^^^^^^^^^
  File "/home/cristian/Dev/TaskBudget/.venv/lib/python3.11/site-packages/django/db/backends/postgresql/base.py", line 332, in get_new_connection
    connection = self.Database.connect(**conn_params)
                 ^^^^^^^^^^^^^^^^^^^^^^^^^^^^^^^^^^^^
  File "/home/cristian/Dev/TaskBudget/.venv/lib/python3.11/site-packages/psycopg/connection.py", line 129, in connect
    raise type(last_ex)("\n".join(lines)).with_traceback(None)
django.db.utils.OperationalError: connection failed: connection to server at "127.0.0.1", port 5432 failed: FATAL:  password authentication failed for user "postgres"
connection to server at "127.0.0.1", port 5432 failed: FATAL:  password authentication failed for user "postgres"
Multiple connection attempts failed. All failures were:
- host: 'localhost', port: '5432', hostaddr: '::1': connection failed: connection to server at "::1", port 5432 failed: FATAL:  password authentication failed for user "postgres"
connection to server at "::1", port 5432 failed: FATAL:  password authentication failed for user "postgres"
- host: 'localhost', port: '5432', hostaddr: '127.0.0.1': connection failed: connection to server at "127.0.0.1", port 5432 failed: FATAL:  password authentication failed for user "postgres"
connection to server at "127.0.0.1", port 5432 failed: FATAL:  password authentication failed for user "postgres"
Traceback (most recent call last):
  File "/home/cristian/Dev/TaskBudget/.venv/lib/python3.11/site-packages/django/db/backends/base/base.py", line 279, in ensure_connection
    self.connect()
  File "/home/cristian/Dev/TaskBudget/.venv/lib/python3.11/site-packages/django/utils/asyncio.py", line 26, in inner
    return func(*args, **kwargs)
           ^^^^^^^^^^^^^^^^^^^^^
  File "/home/cristian/Dev/TaskBudget/.venv/lib/python3.11/site-packages/django/db/backends/base/base.py", line 256, in connect
    self.connection = self.get_new_connection(conn_params)
                      ^^^^^^^^^^^^^^^^^^^^^^^^^^^^^^^^^^^^
  File "/home/cristian/Dev/TaskBudget/.venv/lib/python3.11/site-packages/django/utils/asyncio.py", line 26, in inner
    return func(*args, **kwargs)
           ^^^^^^^^^^^^^^^^^^^^^
  File "/home/cristian/Dev/TaskBudget/.venv/lib/python3.11/site-packages/django/db/backends/postgresql/base.py", line 332, in get_new_connection
    connection = self.Database.connect(**conn_params)
                 ^^^^^^^^^^^^^^^^^^^^^^^^^^^^^^^^^^^^
  File "/home/cristian/Dev/TaskBudget/.venv/lib/python3.11/site-packages/psycopg/connection.py", line 129, in connect
    raise type(last_ex)("\n".join(lines)).with_traceback(None)
psycopg.OperationalError: connection failed: connection to server at "127.0.0.1", port 5432 failed: FATAL:  password authentication failed for user "postgres"
connection to server at "127.0.0.1", port 5432 failed: FATAL:  password authentication failed for user "postgres"
Multiple connection attempts failed. All failures were:
- host: 'localhost', port: '5432', hostaddr: '::1': connection failed: connection to server at "::1", port 5432 failed: FATAL:  password authentication failed for user "postgres"
connection to server at "::1", port 5432 failed: FATAL:  password authentication failed for user "postgres"
- host: 'localhost', port: '5432', hostaddr: '127.0.0.1': connection failed: connection to server at "127.0.0.1", port 5432 failed: FATAL:  password authentication failed for user "postgres"
connection to server at "127.0.0.1", port 5432 failed: FATAL:  password authentication failed for user "postgres"

The above exception was the direct cause of the following exception:

Traceback (most recent call last):
  File "/home/cristian/Dev/TaskBudget/manage.py", line 22, in <module>
    main()
  File "/home/cristian/Dev/TaskBudget/manage.py", line 18, in main
    execute_from_command_line(sys.argv)
  File "/home/cristian/Dev/TaskBudget/.venv/lib/python3.11/site-packages/django/core/management/__init__.py", line 442, in execute_from_command_line
    utility.execute()
  File "/home/cristian/Dev/TaskBudget/.venv/lib/python3.11/site-packages/django/core/management/__init__.py", line 436, in execute
    self.fetch_command(subcommand).run_from_argv(self.argv)
  File "/home/cristian/Dev/TaskBudget/.venv/lib/python3.11/site-packages/django/core/management/base.py", line 420, in run_from_argv
    self.execute(*args, **cmd_options)
  File "/home/cristian/Dev/TaskBudget/.venv/lib/python3.11/site-packages/django/core/management/base.py", line 464, in execute
    output = self.handle(*args, **options)
             ^^^^^^^^^^^^^^^^^^^^^^^^^^^^^
  File "/home/cristian/Dev/TaskBudget/core/management/commands/generar_recurrentes.py", line 37, in handle
    resultado = generar_finanzas_automaticas(
                ^^^^^^^^^^^^^^^^^^^^^^^^^^^^^
  File "/home/cristian/Dev/TaskBudget/core/services.py", line 196, in generar_finanzas_automaticas
    movimientos, movimientos_omitidos = generar_movimientos_recurrentes(
                                        ^^^^^^^^^^^^^^^^^^^^^^^^^^^^^^^^
  File "/home/cristian/Dev/TaskBudget/core/services.py", line 101, in generar_movimientos_recurrentes
    for recurrente in recurrentes:
  File "/home/cristian/Dev/TaskBudget/.venv/lib/python3.11/site-packages/django/db/models/query.py", line 386, in __iter__
    self._fetch_all()
  File "/home/cristian/Dev/TaskBudget/.venv/lib/python3.11/site-packages/django/db/models/query.py", line 1954, in _fetch_all
    self._result_cache = list(self._iterable_class(self))
                         ^^^^^^^^^^^^^^^^^^^^^^^^^^^^^^^^
  File "/home/cristian/Dev/TaskBudget/.venv/lib/python3.11/site-packages/django/db/models/query.py", line 93, in __iter__
    results = compiler.execute_sql(
              ^^^^^^^^^^^^^^^^^^^^^
  File "/home/cristian/Dev/TaskBudget/.venv/lib/python3.11/site-packages/django/db/models/sql/compiler.py", line 1621, in execute_sql
    cursor = self.connection.cursor()
             ^^^^^^^^^^^^^^^^^^^^^^^^
  File "/home/cristian/Dev/TaskBudget/.venv/lib/python3.11/site-packages/django/utils/asyncio.py", line 26, in inner
    return func(*args, **kwargs)
           ^^^^^^^^^^^^^^^^^^^^^
  File "/home/cristian/Dev/TaskBudget/.venv/lib/python3.11/site-packages/django/db/backends/base/base.py", line 320, in cursor
    return self._cursor()
           ^^^^^^^^^^^^^^
  File "/home/cristian/Dev/TaskBudget/.venv/lib/python3.11/site-packages/django/db/backends/base/base.py", line 296, in _cursor
    self.ensure_connection()
  File "/home/cristian/Dev/TaskBudget/.venv/lib/python3.11/site-packages/django/utils/asyncio.py", line 26, in inner
    return func(*args, **kwargs)
           ^^^^^^^^^^^^^^^^^^^^^
  File "/home/cristian/Dev/TaskBudget/.venv/lib/python3.11/site-packages/django/db/backends/base/base.py", line 278, in ensure_connection
    with self.wrap_database_errors:
  File "/home/cristian/Dev/TaskBudget/.venv/lib/python3.11/site-packages/django/db/utils.py", line 91, in __exit__
    raise dj_exc_value.with_traceback(traceback) from exc_value
  File "/home/cristian/Dev/TaskBudget/.venv/lib/python3.11/site-packages/django/db/backends/base/base.py", line 279, in ensure_connection
    self.connect()
  File "/home/cristian/Dev/TaskBudget/.venv/lib/python3.11/site-packages/django/utils/asyncio.py", line 26, in inner
    return func(*args, **kwargs)
           ^^^^^^^^^^^^^^^^^^^^^
  File "/home/cristian/Dev/TaskBudget/.venv/lib/python3.11/site-packages/django/db/backends/base/base.py", line 256, in connect
    self.connection = self.get_new_connection(conn_params)
                      ^^^^^^^^^^^^^^^^^^^^^^^^^^^^^^^^^^^^
  File "/home/cristian/Dev/TaskBudget/.venv/lib/python3.11/site-packages/django/utils/asyncio.py", line 26, in inner
    return func(*args, **kwargs)
           ^^^^^^^^^^^^^^^^^^^^^
  File "/home/cristian/Dev/TaskBudget/.venv/lib/python3.11/site-packages/django/db/backends/postgresql/base.py", line 332, in get_new_connection
    connection = self.Database.connect(**conn_params)
                 ^^^^^^^^^^^^^^^^^^^^^^^^^^^^^^^^^^^^
  File "/home/cristian/Dev/TaskBudget/.venv/lib/python3.11/site-packages/psycopg/connection.py", line 129, in connect
    raise type(last_ex)("\n".join(lines)).with_traceback(None)
django.db.utils.OperationalError: connection failed: connection to server at "127.0.0.1", port 5432 failed: FATAL:  password authentication failed for user "postgres"
connection to server at "127.0.0.1", port 5432 failed: FATAL:  password authentication failed for user "postgres"
Multiple connection attempts failed. All failures were:
- host: 'localhost', port: '5432', hostaddr: '::1': connection failed: connection to server at "::1", port 5432 failed: FATAL:  password authentication failed for user "postgres"
connection to server at "::1", port 5432 failed: FATAL:  password authentication failed for user "postgres"
- host: 'localhost', port: '5432', hostaddr: '127.0.0.1': connection failed: connection to server at "127.0.0.1", port 5432 failed: FATAL:  password authentication failed for user "postgres"
connection to server at "127.0.0.1", port 5432 failed: FATAL:  password authentication failed for user "postgres"
Traceback (most recent call last):
  File "/home/cristian/Dev/TaskBudget/.venv/lib/python3.11/site-packages/django/db/backends/base/base.py", line 279, in ensure_connection
    self.connect()
  File "/home/cristian/Dev/TaskBudget/.venv/lib/python3.11/site-packages/django/utils/asyncio.py", line 26, in inner
    return func(*args, **kwargs)
           ^^^^^^^^^^^^^^^^^^^^^
  File "/home/cristian/Dev/TaskBudget/.venv/lib/python3.11/site-packages/django/db/backends/base/base.py", line 256, in connect
    self.connection = self.get_new_connection(conn_params)
                      ^^^^^^^^^^^^^^^^^^^^^^^^^^^^^^^^^^^^
  File "/home/cristian/Dev/TaskBudget/.venv/lib/python3.11/site-packages/django/utils/asyncio.py", line 26, in inner
    return func(*args, **kwargs)
           ^^^^^^^^^^^^^^^^^^^^^
  File "/home/cristian/Dev/TaskBudget/.venv/lib/python3.11/site-packages/django/db/backends/postgresql/base.py", line 332, in get_new_connection
    connection = self.Database.connect(**conn_params)
                 ^^^^^^^^^^^^^^^^^^^^^^^^^^^^^^^^^^^^
  File "/home/cristian/Dev/TaskBudget/.venv/lib/python3.11/site-packages/psycopg/connection.py", line 129, in connect
    raise type(last_ex)("\n".join(lines)).with_traceback(None)
psycopg.OperationalError: connection failed: connection to server at "127.0.0.1", port 5432 failed: FATAL:  password authentication failed for user "postgres"
connection to server at "127.0.0.1", port 5432 failed: FATAL:  password authentication failed for user "postgres"
Multiple connection attempts failed. All failures were:
- host: 'localhost', port: '5432', hostaddr: '::1': connection failed: connection to server at "::1", port 5432 failed: FATAL:  password authentication failed for user "postgres"
connection to server at "::1", port 5432 failed: FATAL:  password authentication failed for user "postgres"
- host: 'localhost', port: '5432', hostaddr: '127.0.0.1': connection failed: connection to server at "127.0.0.1", port 5432 failed: FATAL:  password authentication failed for user "postgres"
connection to server at "127.0.0.1", port 5432 failed: FATAL:  password authentication failed for user "postgres"

The above exception was the direct cause of the following exception:

Traceback (most recent call last):
  File "/home/cristian/Dev/TaskBudget/manage.py", line 22, in <module>
    main()
  File "/home/cristian/Dev/TaskBudget/manage.py", line 18, in main
    execute_from_command_line(sys.argv)
  File "/home/cristian/Dev/TaskBudget/.venv/lib/python3.11/site-packages/django/core/management/__init__.py", line 442, in execute_from_command_line
    utility.execute()
  File "/home/cristian/Dev/TaskBudget/.venv/lib/python3.11/site-packages/django/core/management/__init__.py", line 436, in execute
    self.fetch_command(subcommand).run_from_argv(self.argv)
  File "/home/cristian/Dev/TaskBudget/.venv/lib/python3.11/site-packages/django/core/management/base.py", line 420, in run_from_argv
    self.execute(*args, **cmd_options)
  File "/home/cristian/Dev/TaskBudget/.venv/lib/python3.11/site-packages/django/core/management/base.py", line 464, in execute
    output = self.handle(*args, **options)
             ^^^^^^^^^^^^^^^^^^^^^^^^^^^^^
  File "/home/cristian/Dev/TaskBudget/core/management/commands/generar_recurrentes.py", line 37, in handle
    resultado = generar_finanzas_automaticas(
                ^^^^^^^^^^^^^^^^^^^^^^^^^^^^^
  File "/home/cristian/Dev/TaskBudget/core/services.py", line 196, in generar_finanzas_automaticas
    movimientos, movimientos_omitidos = generar_movimientos_recurrentes(
                                        ^^^^^^^^^^^^^^^^^^^^^^^^^^^^^^^^
  File "/home/cristian/Dev/TaskBudget/core/services.py", line 101, in generar_movimientos_recurrentes
    for recurrente in recurrentes:
  File "/home/cristian/Dev/TaskBudget/.venv/lib/python3.11/site-packages/django/db/models/query.py", line 386, in __iter__
    self._fetch_all()
  File "/home/cristian/Dev/TaskBudget/.venv/lib/python3.11/site-packages/django/db/models/query.py", line 1954, in _fetch_all
    self._result_cache = list(self._iterable_class(self))
                         ^^^^^^^^^^^^^^^^^^^^^^^^^^^^^^^^
  File "/home/cristian/Dev/TaskBudget/.venv/lib/python3.11/site-packages/django/db/models/query.py", line 93, in __iter__
    results = compiler.execute_sql(
              ^^^^^^^^^^^^^^^^^^^^^
  File "/home/cristian/Dev/TaskBudget/.venv/lib/python3.11/site-packages/django/db/models/sql/compiler.py", line 1621, in execute_sql
    cursor = self.connection.cursor()
             ^^^^^^^^^^^^^^^^^^^^^^^^
  File "/home/cristian/Dev/TaskBudget/.venv/lib/python3.11/site-packages/django/utils/asyncio.py", line 26, in inner
    return func(*args, **kwargs)
           ^^^^^^^^^^^^^^^^^^^^^
  File "/home/cristian/Dev/TaskBudget/.venv/lib/python3.11/site-packages/django/db/backends/base/base.py", line 320, in cursor
    return self._cursor()
           ^^^^^^^^^^^^^^
  File "/home/cristian/Dev/TaskBudget/.venv/lib/python3.11/site-packages/django/db/backends/base/base.py", line 296, in _cursor
    self.ensure_connection()
  File "/home/cristian/Dev/TaskBudget/.venv/lib/python3.11/site-packages/django/utils/asyncio.py", line 26, in inner
    return func(*args, **kwargs)
           ^^^^^^^^^^^^^^^^^^^^^
  File "/home/cristian/Dev/TaskBudget/.venv/lib/python3.11/site-packages/django/db/backends/base/base.py", line 278, in ensure_connection
    with self.wrap_database_errors:
  File "/home/cristian/Dev/TaskBudget/.venv/lib/python3.11/site-packages/django/db/utils.py", line 91, in __exit__
    raise dj_exc_value.with_traceback(traceback) from exc_value
  File "/home/cristian/Dev/TaskBudget/.venv/lib/python3.11/site-packages/django/db/backends/base/base.py", line 279, in ensure_connection
    self.connect()
  File "/home/cristian/Dev/TaskBudget/.venv/lib/python3.11/site-packages/django/utils/asyncio.py", line 26, in inner
    return func(*args, **kwargs)
           ^^^^^^^^^^^^^^^^^^^^^
  File "/home/cristian/Dev/TaskBudget/.venv/lib/python3.11/site-packages/django/db/backends/base/base.py", line 256, in connect
    self.connection = self.get_new_connection(conn_params)
                      ^^^^^^^^^^^^^^^^^^^^^^^^^^^^^^^^^^^^
  File "/home/cristian/Dev/TaskBudget/.venv/lib/python3.11/site-packages/django/utils/asyncio.py", line 26, in inner
    return func(*args, **kwargs)
           ^^^^^^^^^^^^^^^^^^^^^
  File "/home/cristian/Dev/TaskBudget/.venv/lib/python3.11/site-packages/django/db/backends/postgresql/base.py", line 332, in get_new_connection
    connection = self.Database.connect(**conn_params)
                 ^^^^^^^^^^^^^^^^^^^^^^^^^^^^^^^^^^^^
  File "/home/cristian/Dev/TaskBudget/.venv/lib/python3.11/site-packages/psycopg/connection.py", line 129, in connect
    raise type(last_ex)("\n".join(lines)).with_traceback(None)
django.db.utils.OperationalError: connection failed: connection to server at "127.0.0.1", port 5432 failed: FATAL:  password authentication failed for user "postgres"
connection to server at "127.0.0.1", port 5432 failed: FATAL:  password authentication failed for user "postgres"
Multiple connection attempts failed. All failures were:
- host: 'localhost', port: '5432', hostaddr: '::1': connection failed: connection to server at "::1", port 5432 failed: FATAL:  password authentication failed for user "postgres"
connection to server at "::1", port 5432 failed: FATAL:  password authentication failed for user "postgres"
- host: 'localhost', port: '5432', hostaddr: '127.0.0.1': connection failed: connection to server at "127.0.0.1", port 5432 failed: FATAL:  password authentication failed for user "postgres"
connection to server at "127.0.0.1", port 5432 failed: FATAL:  password authentication failed for user "postgres"
Traceback (most recent call last):
  File "/home/cristian/Dev/TaskBudget/.venv/lib/python3.11/site-packages/django/db/backends/base/base.py", line 279, in ensure_connection
    self.connect()
  File "/home/cristian/Dev/TaskBudget/.venv/lib/python3.11/site-packages/django/utils/asyncio.py", line 26, in inner
    return func(*args, **kwargs)
           ^^^^^^^^^^^^^^^^^^^^^
  File "/home/cristian/Dev/TaskBudget/.venv/lib/python3.11/site-packages/django/db/backends/base/base.py", line 256, in connect
    self.connection = self.get_new_connection(conn_params)
                      ^^^^^^^^^^^^^^^^^^^^^^^^^^^^^^^^^^^^
  File "/home/cristian/Dev/TaskBudget/.venv/lib/python3.11/site-packages/django/utils/asyncio.py", line 26, in inner
    return func(*args, **kwargs)
           ^^^^^^^^^^^^^^^^^^^^^
  File "/home/cristian/Dev/TaskBudget/.venv/lib/python3.11/site-packages/django/db/backends/postgresql/base.py", line 332, in get_new_connection
    connection = self.Database.connect(**conn_params)
                 ^^^^^^^^^^^^^^^^^^^^^^^^^^^^^^^^^^^^
  File "/home/cristian/Dev/TaskBudget/.venv/lib/python3.11/site-packages/psycopg/connection.py", line 129, in connect
    raise type(last_ex)("\n".join(lines)).with_traceback(None)
psycopg.OperationalError: connection failed: connection to server at "127.0.0.1", port 5432 failed: FATAL:  password authentication failed for user "postgres"
connection to server at "127.0.0.1", port 5432 failed: FATAL:  password authentication failed for user "postgres"
Multiple connection attempts failed. All failures were:
- host: 'localhost', port: '5432', hostaddr: '::1': connection failed: connection to server at "::1", port 5432 failed: FATAL:  password authentication failed for user "postgres"
connection to server at "::1", port 5432 failed: FATAL:  password authentication failed for user "postgres"
- host: 'localhost', port: '5432', hostaddr: '127.0.0.1': connection failed: connection to server at "127.0.0.1", port 5432 failed: FATAL:  password authentication failed for user "postgres"
connection to server at "127.0.0.1", port 5432 failed: FATAL:  password authentication failed for user "postgres"

The above exception was the direct cause of the following exception:

Traceback (most recent call last):
  File "/home/cristian/Dev/TaskBudget/manage.py", line 22, in <module>
    main()
  File "/home/cristian/Dev/TaskBudget/manage.py", line 18, in main
    execute_from_command_line(sys.argv)
  File "/home/cristian/Dev/TaskBudget/.venv/lib/python3.11/site-packages/django/core/management/__init__.py", line 442, in execute_from_command_line
    utility.execute()
  File "/home/cristian/Dev/TaskBudget/.venv/lib/python3.11/site-packages/django/core/management/__init__.py", line 436, in execute
    self.fetch_command(subcommand).run_from_argv(self.argv)
  File "/home/cristian/Dev/TaskBudget/.venv/lib/python3.11/site-packages/django/core/management/base.py", line 420, in run_from_argv
    self.execute(*args, **cmd_options)
  File "/home/cristian/Dev/TaskBudget/.venv/lib/python3.11/site-packages/django/core/management/base.py", line 464, in execute
    output = self.handle(*args, **options)
             ^^^^^^^^^^^^^^^^^^^^^^^^^^^^^
  File "/home/cristian/Dev/TaskBudget/core/management/commands/generar_recurrentes.py", line 37, in handle
    resultado = generar_finanzas_automaticas(
                ^^^^^^^^^^^^^^^^^^^^^^^^^^^^^
  File "/home/cristian/Dev/TaskBudget/core/services.py", line 196, in generar_finanzas_automaticas
    movimientos, movimientos_omitidos = generar_movimientos_recurrentes(
                                        ^^^^^^^^^^^^^^^^^^^^^^^^^^^^^^^^
  File "/home/cristian/Dev/TaskBudget/core/services.py", line 101, in generar_movimientos_recurrentes
    for recurrente in recurrentes:
  File "/home/cristian/Dev/TaskBudget/.venv/lib/python3.11/site-packages/django/db/models/query.py", line 386, in __iter__
    self._fetch_all()
  File "/home/cristian/Dev/TaskBudget/.venv/lib/python3.11/site-packages/django/db/models/query.py", line 1954, in _fetch_all
    self._result_cache = list(self._iterable_class(self))
                         ^^^^^^^^^^^^^^^^^^^^^^^^^^^^^^^^
  File "/home/cristian/Dev/TaskBudget/.venv/lib/python3.11/site-packages/django/db/models/query.py", line 93, in __iter__
    results = compiler.execute_sql(
              ^^^^^^^^^^^^^^^^^^^^^
  File "/home/cristian/Dev/TaskBudget/.venv/lib/python3.11/site-packages/django/db/models/sql/compiler.py", line 1621, in execute_sql
    cursor = self.connection.cursor()
             ^^^^^^^^^^^^^^^^^^^^^^^^
  File "/home/cristian/Dev/TaskBudget/.venv/lib/python3.11/site-packages/django/utils/asyncio.py", line 26, in inner
    return func(*args, **kwargs)
           ^^^^^^^^^^^^^^^^^^^^^
  File "/home/cristian/Dev/TaskBudget/.venv/lib/python3.11/site-packages/django/db/backends/base/base.py", line 320, in cursor
    return self._cursor()
           ^^^^^^^^^^^^^^
  File "/home/cristian/Dev/TaskBudget/.venv/lib/python3.11/site-packages/django/db/backends/base/base.py", line 296, in _cursor
    self.ensure_connection()
  File "/home/cristian/Dev/TaskBudget/.venv/lib/python3.11/site-packages/django/utils/asyncio.py", line 26, in inner
    return func(*args, **kwargs)
           ^^^^^^^^^^^^^^^^^^^^^
  File "/home/cristian/Dev/TaskBudget/.venv/lib/python3.11/site-packages/django/db/backends/base/base.py", line 278, in ensure_connection
    with self.wrap_database_errors:
  File "/home/cristian/Dev/TaskBudget/.venv/lib/python3.11/site-packages/django/db/utils.py", line 91, in __exit__
    raise dj_exc_value.with_traceback(traceback) from exc_value
  File "/home/cristian/Dev/TaskBudget/.venv/lib/python3.11/site-packages/django/db/backends/base/base.py", line 279, in ensure_connection
    self.connect()
  File "/home/cristian/Dev/TaskBudget/.venv/lib/python3.11/site-packages/django/utils/asyncio.py", line 26, in inner
    return func(*args, **kwargs)
           ^^^^^^^^^^^^^^^^^^^^^
  File "/home/cristian/Dev/TaskBudget/.venv/lib/python3.11/site-packages/django/db/backends/base/base.py", line 256, in connect
    self.connection = self.get_new_connection(conn_params)
                      ^^^^^^^^^^^^^^^^^^^^^^^^^^^^^^^^^^^^
  File "/home/cristian/Dev/TaskBudget/.venv/lib/python3.11/site-packages/django/utils/asyncio.py", line 26, in inner
    return func(*args, **kwargs)
           ^^^^^^^^^^^^^^^^^^^^^
  File "/home/cristian/Dev/TaskBudget/.venv/lib/python3.11/site-packages/django/db/backends/postgresql/base.py", line 332, in get_new_connection
    connection = self.Database.connect(**conn_params)
                 ^^^^^^^^^^^^^^^^^^^^^^^^^^^^^^^^^^^^
  File "/home/cristian/Dev/TaskBudget/.venv/lib/python3.11/site-packages/psycopg/connection.py", line 129, in connect
    raise type(last_ex)("\n".join(lines)).with_traceback(None)
django.db.utils.OperationalError: connection failed: connection to server at "127.0.0.1", port 5432 failed: FATAL:  password authentication failed for user "postgres"
connection to server at "127.0.0.1", port 5432 failed: FATAL:  password authentication failed for user "postgres"
Multiple connection attempts failed. All failures were:
- host: 'localhost', port: '5432', hostaddr: '::1': connection failed: connection to server at "::1", port 5432 failed: FATAL:  password authentication failed for user "postgres"
connection to server at "::1", port 5432 failed: FATAL:  password authentication failed for user "postgres"
- host: 'localhost', port: '5432', hostaddr: '127.0.0.1': connection failed: connection to server at "127.0.0.1", port 5432 failed: FATAL:  password authentication failed for user "postgres"
connection to server at "127.0.0.1", port 5432 failed: FATAL:  password authentication failed for user "postgres"
Traceback (most recent call last):
  File "/home/cristian/Dev/TaskBudget/.venv/lib/python3.11/site-packages/django/db/backends/base/base.py", line 279, in ensure_connection
    self.connect()
  File "/home/cristian/Dev/TaskBudget/.venv/lib/python3.11/site-packages/django/utils/asyncio.py", line 26, in inner
    return func(*args, **kwargs)
           ^^^^^^^^^^^^^^^^^^^^^
  File "/home/cristian/Dev/TaskBudget/.venv/lib/python3.11/site-packages/django/db/backends/base/base.py", line 256, in connect
    self.connection = self.get_new_connection(conn_params)
                      ^^^^^^^^^^^^^^^^^^^^^^^^^^^^^^^^^^^^
  File "/home/cristian/Dev/TaskBudget/.venv/lib/python3.11/site-packages/django/utils/asyncio.py", line 26, in inner
    return func(*args, **kwargs)
           ^^^^^^^^^^^^^^^^^^^^^
  File "/home/cristian/Dev/TaskBudget/.venv/lib/python3.11/site-packages/django/db/backends/postgresql/base.py", line 332, in get_new_connection
    connection = self.Database.connect(**conn_params)
                 ^^^^^^^^^^^^^^^^^^^^^^^^^^^^^^^^^^^^
  File "/home/cristian/Dev/TaskBudget/.venv/lib/python3.11/site-packages/psycopg/connection.py", line 129, in connect
    raise type(last_ex)("\n".join(lines)).with_traceback(None)
psycopg.OperationalError: connection failed: connection to server at "127.0.0.1", port 5432 failed: FATAL:  password authentication failed for user "postgres"
connection to server at "127.0.0.1", port 5432 failed: FATAL:  password authentication failed for user "postgres"
Multiple connection attempts failed. All failures were:
- host: 'localhost', port: '5432', hostaddr: '::1': connection failed: connection to server at "::1", port 5432 failed: FATAL:  password authentication failed for user "postgres"
connection to server at "::1", port 5432 failed: FATAL:  password authentication failed for user "postgres"
- host: 'localhost', port: '5432', hostaddr: '127.0.0.1': connection failed: connection to server at "127.0.0.1", port 5432 failed: FATAL:  password authentication failed for user "postgres"
connection to server at "127.0.0.1", port 5432 failed: FATAL:  password authentication failed for user "postgres"

The above exception was the direct cause of the following exception:

Traceback (most recent call last):
  File "/home/cristian/Dev/TaskBudget/manage.py", line 22, in <module>
    main()
  File "/home/cristian/Dev/TaskBudget/manage.py", line 18, in main
    execute_from_command_line(sys.argv)
  File "/home/cristian/Dev/TaskBudget/.venv/lib/python3.11/site-packages/django/core/management/__init__.py", line 442, in execute_from_command_line
    utility.execute()
  File "/home/cristian/Dev/TaskBudget/.venv/lib/python3.11/site-packages/django/core/management/__init__.py", line 436, in execute
    self.fetch_command(subcommand).run_from_argv(self.argv)
  File "/home/cristian/Dev/TaskBudget/.venv/lib/python3.11/site-packages/django/core/management/base.py", line 420, in run_from_argv
    self.execute(*args, **cmd_options)
  File "/home/cristian/Dev/TaskBudget/.venv/lib/python3.11/site-packages/django/core/management/base.py", line 464, in execute
    output = self.handle(*args, **options)
             ^^^^^^^^^^^^^^^^^^^^^^^^^^^^^
  File "/home/cristian/Dev/TaskBudget/core/management/commands/generar_recurrentes.py", line 37, in handle
    resultado = generar_finanzas_automaticas(
                ^^^^^^^^^^^^^^^^^^^^^^^^^^^^^
  File "/home/cristian/Dev/TaskBudget/core/services.py", line 196, in generar_finanzas_automaticas
    movimientos, movimientos_omitidos = generar_movimientos_recurrentes(
                                        ^^^^^^^^^^^^^^^^^^^^^^^^^^^^^^^^
  File "/home/cristian/Dev/TaskBudget/core/services.py", line 101, in generar_movimientos_recurrentes
    for recurrente in recurrentes:
  File "/home/cristian/Dev/TaskBudget/.venv/lib/python3.11/site-packages/django/db/models/query.py", line 386, in __iter__
    self._fetch_all()
  File "/home/cristian/Dev/TaskBudget/.venv/lib/python3.11/site-packages/django/db/models/query.py", line 1954, in _fetch_all
    self._result_cache = list(self._iterable_class(self))
                         ^^^^^^^^^^^^^^^^^^^^^^^^^^^^^^^^
  File "/home/cristian/Dev/TaskBudget/.venv/lib/python3.11/site-packages/django/db/models/query.py", line 93, in __iter__
    results = compiler.execute_sql(
              ^^^^^^^^^^^^^^^^^^^^^
  File "/home/cristian/Dev/TaskBudget/.venv/lib/python3.11/site-packages/django/db/models/sql/compiler.py", line 1621, in execute_sql
    cursor = self.connection.cursor()
             ^^^^^^^^^^^^^^^^^^^^^^^^
  File "/home/cristian/Dev/TaskBudget/.venv/lib/python3.11/site-packages/django/utils/asyncio.py", line 26, in inner
    return func(*args, **kwargs)
           ^^^^^^^^^^^^^^^^^^^^^
  File "/home/cristian/Dev/TaskBudget/.venv/lib/python3.11/site-packages/django/db/backends/base/base.py", line 320, in cursor
    return self._cursor()
           ^^^^^^^^^^^^^^
  File "/home/cristian/Dev/TaskBudget/.venv/lib/python3.11/site-packages/django/db/backends/base/base.py", line 296, in _cursor
    self.ensure_connection()
  File "/home/cristian/Dev/TaskBudget/.venv/lib/python3.11/site-packages/django/utils/asyncio.py", line 26, in inner
    return func(*args, **kwargs)
           ^^^^^^^^^^^^^^^^^^^^^
  File "/home/cristian/Dev/TaskBudget/.venv/lib/python3.11/site-packages/django/db/backends/base/base.py", line 278, in ensure_connection
    with self.wrap_database_errors:
  File "/home/cristian/Dev/TaskBudget/.venv/lib/python3.11/site-packages/django/db/utils.py", line 91, in __exit__
    raise dj_exc_value.with_traceback(traceback) from exc_value
  File "/home/cristian/Dev/TaskBudget/.venv/lib/python3.11/site-packages/django/db/backends/base/base.py", line 279, in ensure_connection
    self.connect()
  File "/home/cristian/Dev/TaskBudget/.venv/lib/python3.11/site-packages/django/utils/asyncio.py", line 26, in inner
    return func(*args, **kwargs)
           ^^^^^^^^^^^^^^^^^^^^^
  File "/home/cristian/Dev/TaskBudget/.venv/lib/python3.11/site-packages/django/db/backends/base/base.py", line 256, in connect
    self.connection = self.get_new_connection(conn_params)
                      ^^^^^^^^^^^^^^^^^^^^^^^^^^^^^^^^^^^^
  File "/home/cristian/Dev/TaskBudget/.venv/lib/python3.11/site-packages/django/utils/asyncio.py", line 26, in inner
    return func(*args, **kwargs)
           ^^^^^^^^^^^^^^^^^^^^^
  File "/home/cristian/Dev/TaskBudget/.venv/lib/python3.11/site-packages/django/db/backends/postgresql/base.py", line 332, in get_new_connection
    connection = self.Database.connect(**conn_params)
                 ^^^^^^^^^^^^^^^^^^^^^^^^^^^^^^^^^^^^
  File "/home/cristian/Dev/TaskBudget/.venv/lib/python3.11/site-packages/psycopg/connection.py", line 129, in connect
    raise type(last_ex)("\n".join(lines)).with_traceback(None)
django.db.utils.OperationalError: connection failed: connection to server at "127.0.0.1", port 5432 failed: FATAL:  password authentication failed for user "postgres"
connection to server at "127.0.0.1", port 5432 failed: FATAL:  password authentication failed for user "postgres"
Multiple connection attempts failed. All failures were:
- host: 'localhost', port: '5432', hostaddr: '::1': connection failed: connection to server at "::1", port 5432 failed: FATAL:  password authentication failed for user "postgres"
connection to server at "::1", port 5432 failed: FATAL:  password authentication failed for user "postgres"
- host: 'localhost', port: '5432', hostaddr: '127.0.0.1': connection failed: connection to server at "127.0.0.1", port 5432 failed: FATAL:  password authentication failed for user "postgres"
connection to server at "127.0.0.1", port 5432 failed: FATAL:  password authentication failed for user "postgres"
Traceback (most recent call last):
  File "/home/cristian/Dev/TaskBudget/.venv/lib/python3.11/site-packages/django/db/backends/base/base.py", line 279, in ensure_connection
    self.connect()
  File "/home/cristian/Dev/TaskBudget/.venv/lib/python3.11/site-packages/django/utils/asyncio.py", line 26, in inner
    return func(*args, **kwargs)
           ^^^^^^^^^^^^^^^^^^^^^
  File "/home/cristian/Dev/TaskBudget/.venv/lib/python3.11/site-packages/django/db/backends/base/base.py", line 256, in connect
    self.connection = self.get_new_connection(conn_params)
                      ^^^^^^^^^^^^^^^^^^^^^^^^^^^^^^^^^^^^
  File "/home/cristian/Dev/TaskBudget/.venv/lib/python3.11/site-packages/django/utils/asyncio.py", line 26, in inner
    return func(*args, **kwargs)
           ^^^^^^^^^^^^^^^^^^^^^
  File "/home/cristian/Dev/TaskBudget/.venv/lib/python3.11/site-packages/django/db/backends/postgresql/base.py", line 332, in get_new_connection
    connection = self.Database.connect(**conn_params)
                 ^^^^^^^^^^^^^^^^^^^^^^^^^^^^^^^^^^^^
  File "/home/cristian/Dev/TaskBudget/.venv/lib/python3.11/site-packages/psycopg/connection.py", line 129, in connect
    raise type(last_ex)("\n".join(lines)).with_traceback(None)
psycopg.OperationalError: connection failed: connection to server at "127.0.0.1", port 5432 failed: FATAL:  password authentication failed for user "postgres"
connection to server at "127.0.0.1", port 5432 failed: FATAL:  password authentication failed for user "postgres"
Multiple connection attempts failed. All failures were:
- host: 'localhost', port: '5432', hostaddr: '::1': connection failed: connection to server at "::1", port 5432 failed: FATAL:  password authentication failed for user "postgres"
connection to server at "::1", port 5432 failed: FATAL:  password authentication failed for user "postgres"
- host: 'localhost', port: '5432', hostaddr: '127.0.0.1': connection failed: connection to server at "127.0.0.1", port 5432 failed: FATAL:  password authentication failed for user "postgres"
connection to server at "127.0.0.1", port 5432 failed: FATAL:  password authentication failed for user "postgres"

The above exception was the direct cause of the following exception:

Traceback (most recent call last):
  File "/home/cristian/Dev/TaskBudget/manage.py", line 22, in <module>
    main()
  File "/home/cristian/Dev/TaskBudget/manage.py", line 18, in main
    execute_from_command_line(sys.argv)
  File "/home/cristian/Dev/TaskBudget/.venv/lib/python3.11/site-packages/django/core/management/__init__.py", line 442, in execute_from_command_line
    utility.execute()
  File "/home/cristian/Dev/TaskBudget/.venv/lib/python3.11/site-packages/django/core/management/__init__.py", line 436, in execute
    self.fetch_command(subcommand).run_from_argv(self.argv)
  File "/home/cristian/Dev/TaskBudget/.venv/lib/python3.11/site-packages/django/core/management/base.py", line 420, in run_from_argv
    self.execute(*args, **cmd_options)
  File "/home/cristian/Dev/TaskBudget/.venv/lib/python3.11/site-packages/django/core/management/base.py", line 464, in execute
    output = self.handle(*args, **options)
             ^^^^^^^^^^^^^^^^^^^^^^^^^^^^^
  File "/home/cristian/Dev/TaskBudget/core/management/commands/generar_recurrentes.py", line 37, in handle
    resultado = generar_finanzas_automaticas(
                ^^^^^^^^^^^^^^^^^^^^^^^^^^^^^
  File "/home/cristian/Dev/TaskBudget/core/services.py", line 196, in generar_finanzas_automaticas
    movimientos, movimientos_omitidos = generar_movimientos_recurrentes(
                                        ^^^^^^^^^^^^^^^^^^^^^^^^^^^^^^^^
  File "/home/cristian/Dev/TaskBudget/core/services.py", line 101, in generar_movimientos_recurrentes
    for recurrente in recurrentes:
  File "/home/cristian/Dev/TaskBudget/.venv/lib/python3.11/site-packages/django/db/models/query.py", line 386, in __iter__
    self._fetch_all()
  File "/home/cristian/Dev/TaskBudget/.venv/lib/python3.11/site-packages/django/db/models/query.py", line 1954, in _fetch_all
    self._result_cache = list(self._iterable_class(self))
                         ^^^^^^^^^^^^^^^^^^^^^^^^^^^^^^^^
  File "/home/cristian/Dev/TaskBudget/.venv/lib/python3.11/site-packages/django/db/models/query.py", line 93, in __iter__
    results = compiler.execute_sql(
              ^^^^^^^^^^^^^^^^^^^^^
  File "/home/cristian/Dev/TaskBudget/.venv/lib/python3.11/site-packages/django/db/models/sql/compiler.py", line 1621, in execute_sql
    cursor = self.connection.cursor()
             ^^^^^^^^^^^^^^^^^^^^^^^^
  File "/home/cristian/Dev/TaskBudget/.venv/lib/python3.11/site-packages/django/utils/asyncio.py", line 26, in inner
    return func(*args, **kwargs)
           ^^^^^^^^^^^^^^^^^^^^^
  File "/home/cristian/Dev/TaskBudget/.venv/lib/python3.11/site-packages/django/db/backends/base/base.py", line 320, in cursor
    return self._cursor()
           ^^^^^^^^^^^^^^
  File "/home/cristian/Dev/TaskBudget/.venv/lib/python3.11/site-packages/django/db/backends/base/base.py", line 296, in _cursor
    self.ensure_connection()
  File "/home/cristian/Dev/TaskBudget/.venv/lib/python3.11/site-packages/django/utils/asyncio.py", line 26, in inner
    return func(*args, **kwargs)
           ^^^^^^^^^^^^^^^^^^^^^
  File "/home/cristian/Dev/TaskBudget/.venv/lib/python3.11/site-packages/django/db/backends/base/base.py", line 278, in ensure_connection
    with self.wrap_database_errors:
  File "/home/cristian/Dev/TaskBudget/.venv/lib/python3.11/site-packages/django/db/utils.py", line 91, in __exit__
    raise dj_exc_value.with_traceback(traceback) from exc_value
  File "/home/cristian/Dev/TaskBudget/.venv/lib/python3.11/site-packages/django/db/backends/base/base.py", line 279, in ensure_connection
    self.connect()
  File "/home/cristian/Dev/TaskBudget/.venv/lib/python3.11/site-packages/django/utils/asyncio.py", line 26, in inner
    return func(*args, **kwargs)
           ^^^^^^^^^^^^^^^^^^^^^
  File "/home/cristian/Dev/TaskBudget/.venv/lib/python3.11/site-packages/django/db/backends/base/base.py", line 256, in connect
    self.connection = self.get_new_connection(conn_params)
                      ^^^^^^^^^^^^^^^^^^^^^^^^^^^^^^^^^^^^
  File "/home/cristian/Dev/TaskBudget/.venv/lib/python3.11/site-packages/django/utils/asyncio.py", line 26, in inner
    return func(*args, **kwargs)
           ^^^^^^^^^^^^^^^^^^^^^
  File "/home/cristian/Dev/TaskBudget/.venv/lib/python3.11/site-packages/django/db/backends/postgresql/base.py", line 332, in get_new_connection
    connection = self.Database.connect(**conn_params)
                 ^^^^^^^^^^^^^^^^^^^^^^^^^^^^^^^^^^^^
  File "/home/cristian/Dev/TaskBudget/.venv/lib/python3.11/site-packages/psycopg/connection.py", line 129, in connect
    raise type(last_ex)("\n".join(lines)).with_traceback(None)
django.db.utils.OperationalError: connection failed: connection to server at "127.0.0.1", port 5432 failed: FATAL:  password authentication failed for user "postgres"
connection to server at "127.0.0.1", port 5432 failed: FATAL:  password authentication failed for user "postgres"
Multiple connection attempts failed. All failures were:
- host: 'localhost', port: '5432', hostaddr: '::1': connection failed: connection to server at "::1", port 5432 failed: FATAL:  password authentication failed for user "postgres"
connection to server at "::1", port 5432 failed: FATAL:  password authentication failed for user "postgres"
- host: 'localhost', port: '5432', hostaddr: '127.0.0.1': connection failed: connection to server at "127.0.0.1", port 5432 failed: FATAL:  password authentication failed for user "postgres"
connection to server at "127.0.0.1", port 5432 failed: FATAL:  password authentication failed for user "postgres"
Traceback (most recent call last):
  File "/home/cristian/Dev/TaskBudget/.venv/lib/python3.11/site-packages/django/db/backends/base/base.py", line 279, in ensure_connection
    self.connect()
  File "/home/cristian/Dev/TaskBudget/.venv/lib/python3.11/site-packages/django/utils/asyncio.py", line 26, in inner
    return func(*args, **kwargs)
           ^^^^^^^^^^^^^^^^^^^^^
  File "/home/cristian/Dev/TaskBudget/.venv/lib/python3.11/site-packages/django/db/backends/base/base.py", line 256, in connect
    self.connection = self.get_new_connection(conn_params)
                      ^^^^^^^^^^^^^^^^^^^^^^^^^^^^^^^^^^^^
  File "/home/cristian/Dev/TaskBudget/.venv/lib/python3.11/site-packages/django/utils/asyncio.py", line 26, in inner
    return func(*args, **kwargs)
           ^^^^^^^^^^^^^^^^^^^^^
  File "/home/cristian/Dev/TaskBudget/.venv/lib/python3.11/site-packages/django/db/backends/postgresql/base.py", line 332, in get_new_connection
    connection = self.Database.connect(**conn_params)
                 ^^^^^^^^^^^^^^^^^^^^^^^^^^^^^^^^^^^^
  File "/home/cristian/Dev/TaskBudget/.venv/lib/python3.11/site-packages/psycopg/connection.py", line 129, in connect
    raise type(last_ex)("\n".join(lines)).with_traceback(None)
psycopg.OperationalError: connection failed: connection to server at "127.0.0.1", port 5432 failed: FATAL:  password authentication failed for user "postgres"
connection to server at "127.0.0.1", port 5432 failed: FATAL:  password authentication failed for user "postgres"
Multiple connection attempts failed. All failures were:
- host: 'localhost', port: '5432', hostaddr: '::1': connection failed: connection to server at "::1", port 5432 failed: FATAL:  password authentication failed for user "postgres"
connection to server at "::1", port 5432 failed: FATAL:  password authentication failed for user "postgres"
- host: 'localhost', port: '5432', hostaddr: '127.0.0.1': connection failed: connection to server at "127.0.0.1", port 5432 failed: FATAL:  password authentication failed for user "postgres"
connection to server at "127.0.0.1", port 5432 failed: FATAL:  password authentication failed for user "postgres"

The above exception was the direct cause of the following exception:

Traceback (most recent call last):
  File "/home/cristian/Dev/TaskBudget/manage.py", line 22, in <module>
    main()
  File "/home/cristian/Dev/TaskBudget/manage.py", line 18, in main
    execute_from_command_line(sys.argv)
  File "/home/cristian/Dev/TaskBudget/.venv/lib/python3.11/site-packages/django/core/management/__init__.py", line 442, in execute_from_command_line
    utility.execute()
  File "/home/cristian/Dev/TaskBudget/.venv/lib/python3.11/site-packages/django/core/management/__init__.py", line 436, in execute
    self.fetch_command(subcommand).run_from_argv(self.argv)
  File "/home/cristian/Dev/TaskBudget/.venv/lib/python3.11/site-packages/django/core/management/base.py", line 420, in run_from_argv
    self.execute(*args, **cmd_options)
  File "/home/cristian/Dev/TaskBudget/.venv/lib/python3.11/site-packages/django/core/management/base.py", line 464, in execute
    output = self.handle(*args, **options)
             ^^^^^^^^^^^^^^^^^^^^^^^^^^^^^
  File "/home/cristian/Dev/TaskBudget/core/management/commands/generar_recurrentes.py", line 37, in handle
    resultado = generar_finanzas_automaticas(
                ^^^^^^^^^^^^^^^^^^^^^^^^^^^^^
  File "/home/cristian/Dev/TaskBudget/core/services.py", line 196, in generar_finanzas_automaticas
    movimientos, movimientos_omitidos = generar_movimientos_recurrentes(
                                        ^^^^^^^^^^^^^^^^^^^^^^^^^^^^^^^^
  File "/home/cristian/Dev/TaskBudget/core/services.py", line 101, in generar_movimientos_recurrentes
    for recurrente in recurrentes:
  File "/home/cristian/Dev/TaskBudget/.venv/lib/python3.11/site-packages/django/db/models/query.py", line 386, in __iter__
    self._fetch_all()
  File "/home/cristian/Dev/TaskBudget/.venv/lib/python3.11/site-packages/django/db/models/query.py", line 1954, in _fetch_all
    self._result_cache = list(self._iterable_class(self))
                         ^^^^^^^^^^^^^^^^^^^^^^^^^^^^^^^^
  File "/home/cristian/Dev/TaskBudget/.venv/lib/python3.11/site-packages/django/db/models/query.py", line 93, in __iter__
    results = compiler.execute_sql(
              ^^^^^^^^^^^^^^^^^^^^^
  File "/home/cristian/Dev/TaskBudget/.venv/lib/python3.11/site-packages/django/db/models/sql/compiler.py", line 1621, in execute_sql
    cursor = self.connection.cursor()
             ^^^^^^^^^^^^^^^^^^^^^^^^
  File "/home/cristian/Dev/TaskBudget/.venv/lib/python3.11/site-packages/django/utils/asyncio.py", line 26, in inner
    return func(*args, **kwargs)
           ^^^^^^^^^^^^^^^^^^^^^
  File "/home/cristian/Dev/TaskBudget/.venv/lib/python3.11/site-packages/django/db/backends/base/base.py", line 320, in cursor
    return self._cursor()
           ^^^^^^^^^^^^^^
  File "/home/cristian/Dev/TaskBudget/.venv/lib/python3.11/site-packages/django/db/backends/base/base.py", line 296, in _cursor
    self.ensure_connection()
  File "/home/cristian/Dev/TaskBudget/.venv/lib/python3.11/site-packages/django/utils/asyncio.py", line 26, in inner
    return func(*args, **kwargs)
           ^^^^^^^^^^^^^^^^^^^^^
  File "/home/cristian/Dev/TaskBudget/.venv/lib/python3.11/site-packages/django/db/backends/base/base.py", line 278, in ensure_connection
    with self.wrap_database_errors:
  File "/home/cristian/Dev/TaskBudget/.venv/lib/python3.11/site-packages/django/db/utils.py", line 91, in __exit__
    raise dj_exc_value.with_traceback(traceback) from exc_value
  File "/home/cristian/Dev/TaskBudget/.venv/lib/python3.11/site-packages/django/db/backends/base/base.py", line 279, in ensure_connection
    self.connect()
  File "/home/cristian/Dev/TaskBudget/.venv/lib/python3.11/site-packages/django/utils/asyncio.py", line 26, in inner
    return func(*args, **kwargs)
           ^^^^^^^^^^^^^^^^^^^^^
  File "/home/cristian/Dev/TaskBudget/.venv/lib/python3.11/site-packages/django/db/backends/base/base.py", line 256, in connect
    self.connection = self.get_new_connection(conn_params)
                      ^^^^^^^^^^^^^^^^^^^^^^^^^^^^^^^^^^^^
  File "/home/cristian/Dev/TaskBudget/.venv/lib/python3.11/site-packages/django/utils/asyncio.py", line 26, in inner
    return func(*args, **kwargs)
           ^^^^^^^^^^^^^^^^^^^^^
  File "/home/cristian/Dev/TaskBudget/.venv/lib/python3.11/site-packages/django/db/backends/postgresql/base.py", line 332, in get_new_connection
    connection = self.Database.connect(**conn_params)
                 ^^^^^^^^^^^^^^^^^^^^^^^^^^^^^^^^^^^^
  File "/home/cristian/Dev/TaskBudget/.venv/lib/python3.11/site-packages/psycopg/connection.py", line 129, in connect
    raise type(last_ex)("\n".join(lines)).with_traceback(None)
django.db.utils.OperationalError: connection failed: connection to server at "127.0.0.1", port 5432 failed: FATAL:  password authentication failed for user "postgres"
connection to server at "127.0.0.1", port 5432 failed: FATAL:  password authentication failed for user "postgres"
Multiple connection attempts failed. All failures were:
- host: 'localhost', port: '5432', hostaddr: '::1': connection failed: connection to server at "::1", port 5432 failed: FATAL:  password authentication failed for user "postgres"
connection to server at "::1", port 5432 failed: FATAL:  password authentication failed for user "postgres"
- host: 'localhost', port: '5432', hostaddr: '127.0.0.1': connection failed: connection to server at "127.0.0.1", port 5432 failed: FATAL:  password authentication failed for user "postgres"
connection to server at "127.0.0.1", port 5432 failed: FATAL:  password authentication failed for user "postgres"
Traceback (most recent call last):
  File "/home/cristian/Dev/TaskBudget/.venv/lib/python3.11/site-packages/django/db/backends/base/base.py", line 279, in ensure_connection
    self.connect()
  File "/home/cristian/Dev/TaskBudget/.venv/lib/python3.11/site-packages/django/utils/asyncio.py", line 26, in inner
    return func(*args, **kwargs)
           ^^^^^^^^^^^^^^^^^^^^^
  File "/home/cristian/Dev/TaskBudget/.venv/lib/python3.11/site-packages/django/db/backends/base/base.py", line 256, in connect
    self.connection = self.get_new_connection(conn_params)
                      ^^^^^^^^^^^^^^^^^^^^^^^^^^^^^^^^^^^^
  File "/home/cristian/Dev/TaskBudget/.venv/lib/python3.11/site-packages/django/utils/asyncio.py", line 26, in inner
    return func(*args, **kwargs)
           ^^^^^^^^^^^^^^^^^^^^^
  File "/home/cristian/Dev/TaskBudget/.venv/lib/python3.11/site-packages/django/db/backends/postgresql/base.py", line 332, in get_new_connection
    connection = self.Database.connect(**conn_params)
                 ^^^^^^^^^^^^^^^^^^^^^^^^^^^^^^^^^^^^
  File "/home/cristian/Dev/TaskBudget/.venv/lib/python3.11/site-packages/psycopg/connection.py", line 129, in connect
    raise type(last_ex)("\n".join(lines)).with_traceback(None)
psycopg.OperationalError: connection failed: connection to server at "127.0.0.1", port 5432 failed: FATAL:  password authentication failed for user "postgres"
connection to server at "127.0.0.1", port 5432 failed: FATAL:  password authentication failed for user "postgres"
Multiple connection attempts failed. All failures were:
- host: 'localhost', port: '5432', hostaddr: '::1': connection failed: connection to server at "::1", port 5432 failed: FATAL:  password authentication failed for user "postgres"
connection to server at "::1", port 5432 failed: FATAL:  password authentication failed for user "postgres"
- host: 'localhost', port: '5432', hostaddr: '127.0.0.1': connection failed: connection to server at "127.0.0.1", port 5432 failed: FATAL:  password authentication failed for user "postgres"
connection to server at "127.0.0.1", port 5432 failed: FATAL:  password authentication failed for user "postgres"

The above exception was the direct cause of the following exception:

Traceback (most recent call last):
  File "/home/cristian/Dev/TaskBudget/manage.py", line 22, in <module>
    main()
  File "/home/cristian/Dev/TaskBudget/manage.py", line 18, in main
    execute_from_command_line(sys.argv)
  File "/home/cristian/Dev/TaskBudget/.venv/lib/python3.11/site-packages/django/core/management/__init__.py", line 442, in execute_from_command_line
    utility.execute()
  File "/home/cristian/Dev/TaskBudget/.venv/lib/python3.11/site-packages/django/core/management/__init__.py", line 436, in execute
    self.fetch_command(subcommand).run_from_argv(self.argv)
  File "/home/cristian/Dev/TaskBudget/.venv/lib/python3.11/site-packages/django/core/management/base.py", line 420, in run_from_argv
    self.execute(*args, **cmd_options)
  File "/home/cristian/Dev/TaskBudget/.venv/lib/python3.11/site-packages/django/core/management/base.py", line 464, in execute
    output = self.handle(*args, **options)
             ^^^^^^^^^^^^^^^^^^^^^^^^^^^^^
  File "/home/cristian/Dev/TaskBudget/core/management/commands/generar_recurrentes.py", line 37, in handle
    resultado = generar_finanzas_automaticas(
                ^^^^^^^^^^^^^^^^^^^^^^^^^^^^^
  File "/home/cristian/Dev/TaskBudget/core/services.py", line 196, in generar_finanzas_automaticas
    movimientos, movimientos_omitidos = generar_movimientos_recurrentes(
                                        ^^^^^^^^^^^^^^^^^^^^^^^^^^^^^^^^
  File "/home/cristian/Dev/TaskBudget/core/services.py", line 101, in generar_movimientos_recurrentes
    for recurrente in recurrentes:
  File "/home/cristian/Dev/TaskBudget/.venv/lib/python3.11/site-packages/django/db/models/query.py", line 386, in __iter__
    self._fetch_all()
  File "/home/cristian/Dev/TaskBudget/.venv/lib/python3.11/site-packages/django/db/models/query.py", line 1954, in _fetch_all
    self._result_cache = list(self._iterable_class(self))
                         ^^^^^^^^^^^^^^^^^^^^^^^^^^^^^^^^
  File "/home/cristian/Dev/TaskBudget/.venv/lib/python3.11/site-packages/django/db/models/query.py", line 93, in __iter__
    results = compiler.execute_sql(
              ^^^^^^^^^^^^^^^^^^^^^
  File "/home/cristian/Dev/TaskBudget/.venv/lib/python3.11/site-packages/django/db/models/sql/compiler.py", line 1621, in execute_sql
    cursor = self.connection.cursor()
             ^^^^^^^^^^^^^^^^^^^^^^^^
  File "/home/cristian/Dev/TaskBudget/.venv/lib/python3.11/site-packages/django/utils/asyncio.py", line 26, in inner
    return func(*args, **kwargs)
           ^^^^^^^^^^^^^^^^^^^^^
  File "/home/cristian/Dev/TaskBudget/.venv/lib/python3.11/site-packages/django/db/backends/base/base.py", line 320, in cursor
    return self._cursor()
           ^^^^^^^^^^^^^^
  File "/home/cristian/Dev/TaskBudget/.venv/lib/python3.11/site-packages/django/db/backends/base/base.py", line 296, in _cursor
    self.ensure_connection()
  File "/home/cristian/Dev/TaskBudget/.venv/lib/python3.11/site-packages/django/utils/asyncio.py", line 26, in inner
    return func(*args, **kwargs)
           ^^^^^^^^^^^^^^^^^^^^^
  File "/home/cristian/Dev/TaskBudget/.venv/lib/python3.11/site-packages/django/db/backends/base/base.py", line 278, in ensure_connection
    with self.wrap_database_errors:
  File "/home/cristian/Dev/TaskBudget/.venv/lib/python3.11/site-packages/django/db/utils.py", line 91, in __exit__
    raise dj_exc_value.with_traceback(traceback) from exc_value
  File "/home/cristian/Dev/TaskBudget/.venv/lib/python3.11/site-packages/django/db/backends/base/base.py", line 279, in ensure_connection
    self.connect()
  File "/home/cristian/Dev/TaskBudget/.venv/lib/python3.11/site-packages/django/utils/asyncio.py", line 26, in inner
    return func(*args, **kwargs)
           ^^^^^^^^^^^^^^^^^^^^^
  File "/home/cristian/Dev/TaskBudget/.venv/lib/python3.11/site-packages/django/db/backends/base/base.py", line 256, in connect
    self.connection = self.get_new_connection(conn_params)
                      ^^^^^^^^^^^^^^^^^^^^^^^^^^^^^^^^^^^^
  File "/home/cristian/Dev/TaskBudget/.venv/lib/python3.11/site-packages/django/utils/asyncio.py", line 26, in inner
    return func(*args, **kwargs)
           ^^^^^^^^^^^^^^^^^^^^^
  File "/home/cristian/Dev/TaskBudget/.venv/lib/python3.11/site-packages/django/db/backends/postgresql/base.py", line 332, in get_new_connection
    connection = self.Database.connect(**conn_params)
                 ^^^^^^^^^^^^^^^^^^^^^^^^^^^^^^^^^^^^
  File "/home/cristian/Dev/TaskBudget/.venv/lib/python3.11/site-packages/psycopg/connection.py", line 129, in connect
    raise type(last_ex)("\n".join(lines)).with_traceback(None)
django.db.utils.OperationalError: connection failed: connection to server at "127.0.0.1", port 5432 failed: FATAL:  password authentication failed for user "postgres"
connection to server at "127.0.0.1", port 5432 failed: FATAL:  password authentication failed for user "postgres"
Multiple connection attempts failed. All failures were:
- host: 'localhost', port: '5432', hostaddr: '::1': connection failed: connection to server at "::1", port 5432 failed: FATAL:  password authentication failed for user "postgres"
connection to server at "::1", port 5432 failed: FATAL:  password authentication failed for user "postgres"
- host: 'localhost', port: '5432', hostaddr: '127.0.0.1': connection failed: connection to server at "127.0.0.1", port 5432 failed: FATAL:  password authentication failed for user "postgres"
connection to server at "127.0.0.1", port 5432 failed: FATAL:  password authentication failed for user "postgres"
Traceback (most recent call last):
  File "/home/cristian/Dev/TaskBudget/.venv/lib/python3.11/site-packages/django/db/backends/base/base.py", line 279, in ensure_connection
    self.connect()
  File "/home/cristian/Dev/TaskBudget/.venv/lib/python3.11/site-packages/django/utils/asyncio.py", line 26, in inner
    return func(*args, **kwargs)
           ^^^^^^^^^^^^^^^^^^^^^
  File "/home/cristian/Dev/TaskBudget/.venv/lib/python3.11/site-packages/django/db/backends/base/base.py", line 256, in connect
    self.connection = self.get_new_connection(conn_params)
                      ^^^^^^^^^^^^^^^^^^^^^^^^^^^^^^^^^^^^
  File "/home/cristian/Dev/TaskBudget/.venv/lib/python3.11/site-packages/django/utils/asyncio.py", line 26, in inner
    return func(*args, **kwargs)
           ^^^^^^^^^^^^^^^^^^^^^
  File "/home/cristian/Dev/TaskBudget/.venv/lib/python3.11/site-packages/django/db/backends/postgresql/base.py", line 332, in get_new_connection
    connection = self.Database.connect(**conn_params)
                 ^^^^^^^^^^^^^^^^^^^^^^^^^^^^^^^^^^^^
  File "/home/cristian/Dev/TaskBudget/.venv/lib/python3.11/site-packages/psycopg/connection.py", line 129, in connect
    raise type(last_ex)("\n".join(lines)).with_traceback(None)
psycopg.OperationalError: connection failed: connection to server at "127.0.0.1", port 5432 failed: FATAL:  password authentication failed for user "postgres"
connection to server at "127.0.0.1", port 5432 failed: FATAL:  password authentication failed for user "postgres"
Multiple connection attempts failed. All failures were:
- host: 'localhost', port: '5432', hostaddr: '::1': connection failed: connection to server at "::1", port 5432 failed: FATAL:  password authentication failed for user "postgres"
connection to server at "::1", port 5432 failed: FATAL:  password authentication failed for user "postgres"
- host: 'localhost', port: '5432', hostaddr: '127.0.0.1': connection failed: connection to server at "127.0.0.1", port 5432 failed: FATAL:  password authentication failed for user "postgres"
connection to server at "127.0.0.1", port 5432 failed: FATAL:  password authentication failed for user "postgres"

The above exception was the direct cause of the following exception:

Traceback (most recent call last):
  File "/home/cristian/Dev/TaskBudget/manage.py", line 22, in <module>
    main()
  File "/home/cristian/Dev/TaskBudget/manage.py", line 18, in main
    execute_from_command_line(sys.argv)
  File "/home/cristian/Dev/TaskBudget/.venv/lib/python3.11/site-packages/django/core/management/__init__.py", line 442, in execute_from_command_line
    utility.execute()
  File "/home/cristian/Dev/TaskBudget/.venv/lib/python3.11/site-packages/django/core/management/__init__.py", line 436, in execute
    self.fetch_command(subcommand).run_from_argv(self.argv)
  File "/home/cristian/Dev/TaskBudget/.venv/lib/python3.11/site-packages/django/core/management/base.py", line 420, in run_from_argv
    self.execute(*args, **cmd_options)
  File "/home/cristian/Dev/TaskBudget/.venv/lib/python3.11/site-packages/django/core/management/base.py", line 464, in execute
    output = self.handle(*args, **options)
             ^^^^^^^^^^^^^^^^^^^^^^^^^^^^^
  File "/home/cristian/Dev/TaskBudget/core/management/commands/generar_recurrentes.py", line 37, in handle
    resultado = generar_finanzas_automaticas(
                ^^^^^^^^^^^^^^^^^^^^^^^^^^^^^
  File "/home/cristian/Dev/TaskBudget/core/services.py", line 196, in generar_finanzas_automaticas
    movimientos, movimientos_omitidos = generar_movimientos_recurrentes(
                                        ^^^^^^^^^^^^^^^^^^^^^^^^^^^^^^^^
  File "/home/cristian/Dev/TaskBudget/core/services.py", line 101, in generar_movimientos_recurrentes
    for recurrente in recurrentes:
  File "/home/cristian/Dev/TaskBudget/.venv/lib/python3.11/site-packages/django/db/models/query.py", line 386, in __iter__
    self._fetch_all()
  File "/home/cristian/Dev/TaskBudget/.venv/lib/python3.11/site-packages/django/db/models/query.py", line 1954, in _fetch_all
    self._result_cache = list(self._iterable_class(self))
                         ^^^^^^^^^^^^^^^^^^^^^^^^^^^^^^^^
  File "/home/cristian/Dev/TaskBudget/.venv/lib/python3.11/site-packages/django/db/models/query.py", line 93, in __iter__
    results = compiler.execute_sql(
              ^^^^^^^^^^^^^^^^^^^^^
  File "/home/cristian/Dev/TaskBudget/.venv/lib/python3.11/site-packages/django/db/models/sql/compiler.py", line 1621, in execute_sql
    cursor = self.connection.cursor()
             ^^^^^^^^^^^^^^^^^^^^^^^^
  File "/home/cristian/Dev/TaskBudget/.venv/lib/python3.11/site-packages/django/utils/asyncio.py", line 26, in inner
    return func(*args, **kwargs)
           ^^^^^^^^^^^^^^^^^^^^^
  File "/home/cristian/Dev/TaskBudget/.venv/lib/python3.11/site-packages/django/db/backends/base/base.py", line 320, in cursor
    return self._cursor()
           ^^^^^^^^^^^^^^
  File "/home/cristian/Dev/TaskBudget/.venv/lib/python3.11/site-packages/django/db/backends/base/base.py", line 296, in _cursor
    self.ensure_connection()
  File "/home/cristian/Dev/TaskBudget/.venv/lib/python3.11/site-packages/django/utils/asyncio.py", line 26, in inner
    return func(*args, **kwargs)
           ^^^^^^^^^^^^^^^^^^^^^
  File "/home/cristian/Dev/TaskBudget/.venv/lib/python3.11/site-packages/django/db/backends/base/base.py", line 278, in ensure_connection
    with self.wrap_database_errors:
  File "/home/cristian/Dev/TaskBudget/.venv/lib/python3.11/site-packages/django/db/utils.py", line 91, in __exit__
    raise dj_exc_value.with_traceback(traceback) from exc_value
  File "/home/cristian/Dev/TaskBudget/.venv/lib/python3.11/site-packages/django/db/backends/base/base.py", line 279, in ensure_connection
    self.connect()
  File "/home/cristian/Dev/TaskBudget/.venv/lib/python3.11/site-packages/django/utils/asyncio.py", line 26, in inner
    return func(*args, **kwargs)
           ^^^^^^^^^^^^^^^^^^^^^
  File "/home/cristian/Dev/TaskBudget/.venv/lib/python3.11/site-packages/django/db/backends/base/base.py", line 256, in connect
    self.connection = self.get_new_connection(conn_params)
                      ^^^^^^^^^^^^^^^^^^^^^^^^^^^^^^^^^^^^
  File "/home/cristian/Dev/TaskBudget/.venv/lib/python3.11/site-packages/django/utils/asyncio.py", line 26, in inner
    return func(*args, **kwargs)
           ^^^^^^^^^^^^^^^^^^^^^
  File "/home/cristian/Dev/TaskBudget/.venv/lib/python3.11/site-packages/django/db/backends/postgresql/base.py", line 332, in get_new_connection
    connection = self.Database.connect(**conn_params)
                 ^^^^^^^^^^^^^^^^^^^^^^^^^^^^^^^^^^^^
  File "/home/cristian/Dev/TaskBudget/.venv/lib/python3.11/site-packages/psycopg/connection.py", line 129, in connect
    raise type(last_ex)("\n".join(lines)).with_traceback(None)
django.db.utils.OperationalError: connection failed: connection to server at "127.0.0.1", port 5432 failed: FATAL:  password authentication failed for user "postgres"
connection to server at "127.0.0.1", port 5432 failed: FATAL:  password authentication failed for user "postgres"
Multiple connection attempts failed. All failures were:
- host: 'localhost', port: '5432', hostaddr: '::1': connection failed: connection to server at "::1", port 5432 failed: FATAL:  password authentication failed for user "postgres"
connection to server at "::1", port 5432 failed: FATAL:  password authentication failed for user "postgres"
- host: 'localhost', port: '5432', hostaddr: '127.0.0.1': connection failed: connection to server at "127.0.0.1", port 5432 failed: FATAL:  password authentication failed for user "postgres"
connection to server at "127.0.0.1", port 5432 failed: FATAL:  password authentication failed for user "postgres"
Traceback (most recent call last):
  File "/home/cristian/Dev/TaskBudget/.venv/lib/python3.11/site-packages/django/db/backends/base/base.py", line 279, in ensure_connection
    self.connect()
  File "/home/cristian/Dev/TaskBudget/.venv/lib/python3.11/site-packages/django/utils/asyncio.py", line 26, in inner
    return func(*args, **kwargs)
           ^^^^^^^^^^^^^^^^^^^^^
  File "/home/cristian/Dev/TaskBudget/.venv/lib/python3.11/site-packages/django/db/backends/base/base.py", line 256, in connect
    self.connection = self.get_new_connection(conn_params)
                      ^^^^^^^^^^^^^^^^^^^^^^^^^^^^^^^^^^^^
  File "/home/cristian/Dev/TaskBudget/.venv/lib/python3.11/site-packages/django/utils/asyncio.py", line 26, in inner
    return func(*args, **kwargs)
           ^^^^^^^^^^^^^^^^^^^^^
  File "/home/cristian/Dev/TaskBudget/.venv/lib/python3.11/site-packages/django/db/backends/postgresql/base.py", line 332, in get_new_connection
    connection = self.Database.connect(**conn_params)
                 ^^^^^^^^^^^^^^^^^^^^^^^^^^^^^^^^^^^^
  File "/home/cristian/Dev/TaskBudget/.venv/lib/python3.11/site-packages/psycopg/connection.py", line 129, in connect
    raise type(last_ex)("\n".join(lines)).with_traceback(None)
psycopg.OperationalError: connection failed: connection to server at "127.0.0.1", port 5432 failed: FATAL:  password authentication failed for user "postgres"
connection to server at "127.0.0.1", port 5432 failed: FATAL:  password authentication failed for user "postgres"
Multiple connection attempts failed. All failures were:
- host: 'localhost', port: '5432', hostaddr: '::1': connection failed: connection to server at "::1", port 5432 failed: FATAL:  password authentication failed for user "postgres"
connection to server at "::1", port 5432 failed: FATAL:  password authentication failed for user "postgres"
- host: 'localhost', port: '5432', hostaddr: '127.0.0.1': connection failed: connection to server at "127.0.0.1", port 5432 failed: FATAL:  password authentication failed for user "postgres"
connection to server at "127.0.0.1", port 5432 failed: FATAL:  password authentication failed for user "postgres"

The above exception was the direct cause of the following exception:

Traceback (most recent call last):
  File "/home/cristian/Dev/TaskBudget/manage.py", line 22, in <module>
    main()
  File "/home/cristian/Dev/TaskBudget/manage.py", line 18, in main
    execute_from_command_line(sys.argv)
  File "/home/cristian/Dev/TaskBudget/.venv/lib/python3.11/site-packages/django/core/management/__init__.py", line 442, in execute_from_command_line
    utility.execute()
  File "/home/cristian/Dev/TaskBudget/.venv/lib/python3.11/site-packages/django/core/management/__init__.py", line 436, in execute
    self.fetch_command(subcommand).run_from_argv(self.argv)
  File "/home/cristian/Dev/TaskBudget/.venv/lib/python3.11/site-packages/django/core/management/base.py", line 420, in run_from_argv
    self.execute(*args, **cmd_options)
  File "/home/cristian/Dev/TaskBudget/.venv/lib/python3.11/site-packages/django/core/management/base.py", line 464, in execute
    output = self.handle(*args, **options)
             ^^^^^^^^^^^^^^^^^^^^^^^^^^^^^
  File "/home/cristian/Dev/TaskBudget/core/management/commands/generar_recurrentes.py", line 37, in handle
    resultado = generar_finanzas_automaticas(
                ^^^^^^^^^^^^^^^^^^^^^^^^^^^^^
  File "/home/cristian/Dev/TaskBudget/core/services.py", line 196, in generar_finanzas_automaticas
    movimientos, movimientos_omitidos = generar_movimientos_recurrentes(
                                        ^^^^^^^^^^^^^^^^^^^^^^^^^^^^^^^^
  File "/home/cristian/Dev/TaskBudget/core/services.py", line 101, in generar_movimientos_recurrentes
    for recurrente in recurrentes:
  File "/home/cristian/Dev/TaskBudget/.venv/lib/python3.11/site-packages/django/db/models/query.py", line 386, in __iter__
    self._fetch_all()
  File "/home/cristian/Dev/TaskBudget/.venv/lib/python3.11/site-packages/django/db/models/query.py", line 1954, in _fetch_all
    self._result_cache = list(self._iterable_class(self))
                         ^^^^^^^^^^^^^^^^^^^^^^^^^^^^^^^^
  File "/home/cristian/Dev/TaskBudget/.venv/lib/python3.11/site-packages/django/db/models/query.py", line 93, in __iter__
    results = compiler.execute_sql(
              ^^^^^^^^^^^^^^^^^^^^^
  File "/home/cristian/Dev/TaskBudget/.venv/lib/python3.11/site-packages/django/db/models/sql/compiler.py", line 1621, in execute_sql
    cursor = self.connection.cursor()
             ^^^^^^^^^^^^^^^^^^^^^^^^
  File "/home/cristian/Dev/TaskBudget/.venv/lib/python3.11/site-packages/django/utils/asyncio.py", line 26, in inner
    return func(*args, **kwargs)
           ^^^^^^^^^^^^^^^^^^^^^
  File "/home/cristian/Dev/TaskBudget/.venv/lib/python3.11/site-packages/django/db/backends/base/base.py", line 320, in cursor
    return self._cursor()
           ^^^^^^^^^^^^^^
  File "/home/cristian/Dev/TaskBudget/.venv/lib/python3.11/site-packages/django/db/backends/base/base.py", line 296, in _cursor
    self.ensure_connection()
  File "/home/cristian/Dev/TaskBudget/.venv/lib/python3.11/site-packages/django/utils/asyncio.py", line 26, in inner
    return func(*args, **kwargs)
           ^^^^^^^^^^^^^^^^^^^^^
  File "/home/cristian/Dev/TaskBudget/.venv/lib/python3.11/site-packages/django/db/backends/base/base.py", line 278, in ensure_connection
    with self.wrap_database_errors:
  File "/home/cristian/Dev/TaskBudget/.venv/lib/python3.11/site-packages/django/db/utils.py", line 91, in __exit__
    raise dj_exc_value.with_traceback(traceback) from exc_value
  File "/home/cristian/Dev/TaskBudget/.venv/lib/python3.11/site-packages/django/db/backends/base/base.py", line 279, in ensure_connection
    self.connect()
  File "/home/cristian/Dev/TaskBudget/.venv/lib/python3.11/site-packages/django/utils/asyncio.py", line 26, in inner
    return func(*args, **kwargs)
           ^^^^^^^^^^^^^^^^^^^^^
  File "/home/cristian/Dev/TaskBudget/.venv/lib/python3.11/site-packages/django/db/backends/base/base.py", line 256, in connect
    self.connection = self.get_new_connection(conn_params)
                      ^^^^^^^^^^^^^^^^^^^^^^^^^^^^^^^^^^^^
  File "/home/cristian/Dev/TaskBudget/.venv/lib/python3.11/site-packages/django/utils/asyncio.py", line 26, in inner
    return func(*args, **kwargs)
           ^^^^^^^^^^^^^^^^^^^^^
  File "/home/cristian/Dev/TaskBudget/.venv/lib/python3.11/site-packages/django/db/backends/postgresql/base.py", line 332, in get_new_connection
    connection = self.Database.connect(**conn_params)
                 ^^^^^^^^^^^^^^^^^^^^^^^^^^^^^^^^^^^^
  File "/home/cristian/Dev/TaskBudget/.venv/lib/python3.11/site-packages/psycopg/connection.py", line 129, in connect
    raise type(last_ex)("\n".join(lines)).with_traceback(None)
django.db.utils.OperationalError: connection failed: connection to server at "127.0.0.1", port 5432 failed: FATAL:  password authentication failed for user "postgres"
connection to server at "127.0.0.1", port 5432 failed: FATAL:  password authentication failed for user "postgres"
Multiple connection attempts failed. All failures were:
- host: 'localhost', port: '5432', hostaddr: '::1': connection failed: connection to server at "::1", port 5432 failed: FATAL:  password authentication failed for user "postgres"
connection to server at "::1", port 5432 failed: FATAL:  password authentication failed for user "postgres"
- host: 'localhost', port: '5432', hostaddr: '127.0.0.1': connection failed: connection to server at "127.0.0.1", port 5432 failed: FATAL:  password authentication failed for user "postgres"
connection to server at "127.0.0.1", port 5432 failed: FATAL:  password authentication failed for user "postgres"
Traceback (most recent call last):
  File "/home/cristian/Dev/TaskBudget/.venv/lib/python3.11/site-packages/django/db/backends/base/base.py", line 279, in ensure_connection
    self.connect()
  File "/home/cristian/Dev/TaskBudget/.venv/lib/python3.11/site-packages/django/utils/asyncio.py", line 26, in inner
    return func(*args, **kwargs)
           ^^^^^^^^^^^^^^^^^^^^^
  File "/home/cristian/Dev/TaskBudget/.venv/lib/python3.11/site-packages/django/db/backends/base/base.py", line 256, in connect
    self.connection = self.get_new_connection(conn_params)
                      ^^^^^^^^^^^^^^^^^^^^^^^^^^^^^^^^^^^^
  File "/home/cristian/Dev/TaskBudget/.venv/lib/python3.11/site-packages/django/utils/asyncio.py", line 26, in inner
    return func(*args, **kwargs)
           ^^^^^^^^^^^^^^^^^^^^^
  File "/home/cristian/Dev/TaskBudget/.venv/lib/python3.11/site-packages/django/db/backends/postgresql/base.py", line 332, in get_new_connection
    connection = self.Database.connect(**conn_params)
                 ^^^^^^^^^^^^^^^^^^^^^^^^^^^^^^^^^^^^
  File "/home/cristian/Dev/TaskBudget/.venv/lib/python3.11/site-packages/psycopg/connection.py", line 129, in connect
    raise type(last_ex)("\n".join(lines)).with_traceback(None)
psycopg.OperationalError: connection failed: connection to server at "127.0.0.1", port 5432 failed: FATAL:  password authentication failed for user "postgres"
connection to server at "127.0.0.1", port 5432 failed: FATAL:  password authentication failed for user "postgres"
Multiple connection attempts failed. All failures were:
- host: 'localhost', port: '5432', hostaddr: '::1': connection failed: connection to server at "::1", port 5432 failed: FATAL:  password authentication failed for user "postgres"
connection to server at "::1", port 5432 failed: FATAL:  password authentication failed for user "postgres"
- host: 'localhost', port: '5432', hostaddr: '127.0.0.1': connection failed: connection to server at "127.0.0.1", port 5432 failed: FATAL:  password authentication failed for user "postgres"
connection to server at "127.0.0.1", port 5432 failed: FATAL:  password authentication failed for user "postgres"

The above exception was the direct cause of the following exception:

Traceback (most recent call last):
  File "/home/cristian/Dev/TaskBudget/manage.py", line 22, in <module>
    main()
  File "/home/cristian/Dev/TaskBudget/manage.py", line 18, in main
    execute_from_command_line(sys.argv)
  File "/home/cristian/Dev/TaskBudget/.venv/lib/python3.11/site-packages/django/core/management/__init__.py", line 442, in execute_from_command_line
    utility.execute()
  File "/home/cristian/Dev/TaskBudget/.venv/lib/python3.11/site-packages/django/core/management/__init__.py", line 436, in execute
    self.fetch_command(subcommand).run_from_argv(self.argv)
  File "/home/cristian/Dev/TaskBudget/.venv/lib/python3.11/site-packages/django/core/management/base.py", line 420, in run_from_argv
    self.execute(*args, **cmd_options)
  File "/home/cristian/Dev/TaskBudget/.venv/lib/python3.11/site-packages/django/core/management/base.py", line 464, in execute
    output = self.handle(*args, **options)
             ^^^^^^^^^^^^^^^^^^^^^^^^^^^^^
  File "/home/cristian/Dev/TaskBudget/core/management/commands/generar_recurrentes.py", line 37, in handle
    resultado = generar_finanzas_automaticas(
                ^^^^^^^^^^^^^^^^^^^^^^^^^^^^^
  File "/home/cristian/Dev/TaskBudget/core/services.py", line 196, in generar_finanzas_automaticas
    movimientos, movimientos_omitidos = generar_movimientos_recurrentes(
                                        ^^^^^^^^^^^^^^^^^^^^^^^^^^^^^^^^
  File "/home/cristian/Dev/TaskBudget/core/services.py", line 101, in generar_movimientos_recurrentes
    for recurrente in recurrentes:
  File "/home/cristian/Dev/TaskBudget/.venv/lib/python3.11/site-packages/django/db/models/query.py", line 386, in __iter__
    self._fetch_all()
  File "/home/cristian/Dev/TaskBudget/.venv/lib/python3.11/site-packages/django/db/models/query.py", line 1954, in _fetch_all
    self._result_cache = list(self._iterable_class(self))
                         ^^^^^^^^^^^^^^^^^^^^^^^^^^^^^^^^
  File "/home/cristian/Dev/TaskBudget/.venv/lib/python3.11/site-packages/django/db/models/query.py", line 93, in __iter__
    results = compiler.execute_sql(
              ^^^^^^^^^^^^^^^^^^^^^
  File "/home/cristian/Dev/TaskBudget/.venv/lib/python3.11/site-packages/django/db/models/sql/compiler.py", line 1621, in execute_sql
    cursor = self.connection.cursor()
             ^^^^^^^^^^^^^^^^^^^^^^^^
  File "/home/cristian/Dev/TaskBudget/.venv/lib/python3.11/site-packages/django/utils/asyncio.py", line 26, in inner
    return func(*args, **kwargs)
           ^^^^^^^^^^^^^^^^^^^^^
  File "/home/cristian/Dev/TaskBudget/.venv/lib/python3.11/site-packages/django/db/backends/base/base.py", line 320, in cursor
    return self._cursor()
           ^^^^^^^^^^^^^^
  File "/home/cristian/Dev/TaskBudget/.venv/lib/python3.11/site-packages/django/db/backends/base/base.py", line 296, in _cursor
    self.ensure_connection()
  File "/home/cristian/Dev/TaskBudget/.venv/lib/python3.11/site-packages/django/utils/asyncio.py", line 26, in inner
    return func(*args, **kwargs)
           ^^^^^^^^^^^^^^^^^^^^^
  File "/home/cristian/Dev/TaskBudget/.venv/lib/python3.11/site-packages/django/db/backends/base/base.py", line 278, in ensure_connection
    with self.wrap_database_errors:
  File "/home/cristian/Dev/TaskBudget/.venv/lib/python3.11/site-packages/django/db/utils.py", line 91, in __exit__
    raise dj_exc_value.with_traceback(traceback) from exc_value
  File "/home/cristian/Dev/TaskBudget/.venv/lib/python3.11/site-packages/django/db/backends/base/base.py", line 279, in ensure_connection
    self.connect()
  File "/home/cristian/Dev/TaskBudget/.venv/lib/python3.11/site-packages/django/utils/asyncio.py", line 26, in inner
    return func(*args, **kwargs)
           ^^^^^^^^^^^^^^^^^^^^^
  File "/home/cristian/Dev/TaskBudget/.venv/lib/python3.11/site-packages/django/db/backends/base/base.py", line 256, in connect
    self.connection = self.get_new_connection(conn_params)
                      ^^^^^^^^^^^^^^^^^^^^^^^^^^^^^^^^^^^^
  File "/home/cristian/Dev/TaskBudget/.venv/lib/python3.11/site-packages/django/utils/asyncio.py", line 26, in inner
    return func(*args, **kwargs)
           ^^^^^^^^^^^^^^^^^^^^^
  File "/home/cristian/Dev/TaskBudget/.venv/lib/python3.11/site-packages/django/db/backends/postgresql/base.py", line 332, in get_new_connection
    connection = self.Database.connect(**conn_params)
                 ^^^^^^^^^^^^^^^^^^^^^^^^^^^^^^^^^^^^
  File "/home/cristian/Dev/TaskBudget/.venv/lib/python3.11/site-packages/psycopg/connection.py", line 129, in connect
    raise type(last_ex)("\n".join(lines)).with_traceback(None)
django.db.utils.OperationalError: connection failed: connection to server at "127.0.0.1", port 5432 failed: FATAL:  password authentication failed for user "postgres"
connection to server at "127.0.0.1", port 5432 failed: FATAL:  password authentication failed for user "postgres"
Multiple connection attempts failed. All failures were:
- host: 'localhost', port: '5432', hostaddr: '::1': connection failed: connection to server at "::1", port 5432 failed: FATAL:  password authentication failed for user "postgres"
connection to server at "::1", port 5432 failed: FATAL:  password authentication failed for user "postgres"
- host: 'localhost', port: '5432', hostaddr: '127.0.0.1': connection failed: connection to server at "127.0.0.1", port 5432 failed: FATAL:  password authentication failed for user "postgres"
connection to server at "127.0.0.1", port 5432 failed: FATAL:  password authentication failed for user "postgres"
Traceback (most recent call last):
  File "/home/cristian/Dev/TaskBudget/.venv/lib/python3.11/site-packages/django/db/backends/base/base.py", line 279, in ensure_connection
    self.connect()
  File "/home/cristian/Dev/TaskBudget/.venv/lib/python3.11/site-packages/django/utils/asyncio.py", line 26, in inner
    return func(*args, **kwargs)
           ^^^^^^^^^^^^^^^^^^^^^
  File "/home/cristian/Dev/TaskBudget/.venv/lib/python3.11/site-packages/django/db/backends/base/base.py", line 256, in connect
    self.connection = self.get_new_connection(conn_params)
                      ^^^^^^^^^^^^^^^^^^^^^^^^^^^^^^^^^^^^
  File "/home/cristian/Dev/TaskBudget/.venv/lib/python3.11/site-packages/django/utils/asyncio.py", line 26, in inner
    return func(*args, **kwargs)
           ^^^^^^^^^^^^^^^^^^^^^
  File "/home/cristian/Dev/TaskBudget/.venv/lib/python3.11/site-packages/django/db/backends/postgresql/base.py", line 332, in get_new_connection
    connection = self.Database.connect(**conn_params)
                 ^^^^^^^^^^^^^^^^^^^^^^^^^^^^^^^^^^^^
  File "/home/cristian/Dev/TaskBudget/.venv/lib/python3.11/site-packages/psycopg/connection.py", line 129, in connect
    raise type(last_ex)("\n".join(lines)).with_traceback(None)
psycopg.OperationalError: connection failed: connection to server at "127.0.0.1", port 5432 failed: FATAL:  password authentication failed for user "postgres"
connection to server at "127.0.0.1", port 5432 failed: FATAL:  password authentication failed for user "postgres"
Multiple connection attempts failed. All failures were:
- host: 'localhost', port: '5432', hostaddr: '::1': connection failed: connection to server at "::1", port 5432 failed: FATAL:  password authentication failed for user "postgres"
connection to server at "::1", port 5432 failed: FATAL:  password authentication failed for user "postgres"
- host: 'localhost', port: '5432', hostaddr: '127.0.0.1': connection failed: connection to server at "127.0.0.1", port 5432 failed: FATAL:  password authentication failed for user "postgres"
connection to server at "127.0.0.1", port 5432 failed: FATAL:  password authentication failed for user "postgres"

The above exception was the direct cause of the following exception:

Traceback (most recent call last):
  File "/home/cristian/Dev/TaskBudget/manage.py", line 22, in <module>
    main()
  File "/home/cristian/Dev/TaskBudget/manage.py", line 18, in main
    execute_from_command_line(sys.argv)
  File "/home/cristian/Dev/TaskBudget/.venv/lib/python3.11/site-packages/django/core/management/__init__.py", line 442, in execute_from_command_line
    utility.execute()
  File "/home/cristian/Dev/TaskBudget/.venv/lib/python3.11/site-packages/django/core/management/__init__.py", line 436, in execute
    self.fetch_command(subcommand).run_from_argv(self.argv)
  File "/home/cristian/Dev/TaskBudget/.venv/lib/python3.11/site-packages/django/core/management/base.py", line 420, in run_from_argv
    self.execute(*args, **cmd_options)
  File "/home/cristian/Dev/TaskBudget/.venv/lib/python3.11/site-packages/django/core/management/base.py", line 464, in execute
    output = self.handle(*args, **options)
             ^^^^^^^^^^^^^^^^^^^^^^^^^^^^^
  File "/home/cristian/Dev/TaskBudget/core/management/commands/generar_recurrentes.py", line 37, in handle
    resultado = generar_finanzas_automaticas(
                ^^^^^^^^^^^^^^^^^^^^^^^^^^^^^
  File "/home/cristian/Dev/TaskBudget/core/services.py", line 196, in generar_finanzas_automaticas
    movimientos, movimientos_omitidos = generar_movimientos_recurrentes(
                                        ^^^^^^^^^^^^^^^^^^^^^^^^^^^^^^^^
  File "/home/cristian/Dev/TaskBudget/core/services.py", line 101, in generar_movimientos_recurrentes
    for recurrente in recurrentes:
  File "/home/cristian/Dev/TaskBudget/.venv/lib/python3.11/site-packages/django/db/models/query.py", line 386, in __iter__
    self._fetch_all()
  File "/home/cristian/Dev/TaskBudget/.venv/lib/python3.11/site-packages/django/db/models/query.py", line 1954, in _fetch_all
    self._result_cache = list(self._iterable_class(self))
                         ^^^^^^^^^^^^^^^^^^^^^^^^^^^^^^^^
  File "/home/cristian/Dev/TaskBudget/.venv/lib/python3.11/site-packages/django/db/models/query.py", line 93, in __iter__
    results = compiler.execute_sql(
              ^^^^^^^^^^^^^^^^^^^^^
  File "/home/cristian/Dev/TaskBudget/.venv/lib/python3.11/site-packages/django/db/models/sql/compiler.py", line 1621, in execute_sql
    cursor = self.connection.cursor()
             ^^^^^^^^^^^^^^^^^^^^^^^^
  File "/home/cristian/Dev/TaskBudget/.venv/lib/python3.11/site-packages/django/utils/asyncio.py", line 26, in inner
    return func(*args, **kwargs)
           ^^^^^^^^^^^^^^^^^^^^^
  File "/home/cristian/Dev/TaskBudget/.venv/lib/python3.11/site-packages/django/db/backends/base/base.py", line 320, in cursor
    return self._cursor()
           ^^^^^^^^^^^^^^
  File "/home/cristian/Dev/TaskBudget/.venv/lib/python3.11/site-packages/django/db/backends/base/base.py", line 296, in _cursor
    self.ensure_connection()
  File "/home/cristian/Dev/TaskBudget/.venv/lib/python3.11/site-packages/django/utils/asyncio.py", line 26, in inner
    return func(*args, **kwargs)
           ^^^^^^^^^^^^^^^^^^^^^
  File "/home/cristian/Dev/TaskBudget/.venv/lib/python3.11/site-packages/django/db/backends/base/base.py", line 278, in ensure_connection
    with self.wrap_database_errors:
  File "/home/cristian/Dev/TaskBudget/.venv/lib/python3.11/site-packages/django/db/utils.py", line 91, in __exit__
    raise dj_exc_value.with_traceback(traceback) from exc_value
  File "/home/cristian/Dev/TaskBudget/.venv/lib/python3.11/site-packages/django/db/backends/base/base.py", line 279, in ensure_connection
    self.connect()
  File "/home/cristian/Dev/TaskBudget/.venv/lib/python3.11/site-packages/django/utils/asyncio.py", line 26, in inner
    return func(*args, **kwargs)
           ^^^^^^^^^^^^^^^^^^^^^
  File "/home/cristian/Dev/TaskBudget/.venv/lib/python3.11/site-packages/django/db/backends/base/base.py", line 256, in connect
    self.connection = self.get_new_connection(conn_params)
                      ^^^^^^^^^^^^^^^^^^^^^^^^^^^^^^^^^^^^
  File "/home/cristian/Dev/TaskBudget/.venv/lib/python3.11/site-packages/django/utils/asyncio.py", line 26, in inner
    return func(*args, **kwargs)
           ^^^^^^^^^^^^^^^^^^^^^
  File "/home/cristian/Dev/TaskBudget/.venv/lib/python3.11/site-packages/django/db/backends/postgresql/base.py", line 332, in get_new_connection
    connection = self.Database.connect(**conn_params)
                 ^^^^^^^^^^^^^^^^^^^^^^^^^^^^^^^^^^^^
  File "/home/cristian/Dev/TaskBudget/.venv/lib/python3.11/site-packages/psycopg/connection.py", line 129, in connect
    raise type(last_ex)("\n".join(lines)).with_traceback(None)
django.db.utils.OperationalError: connection failed: connection to server at "127.0.0.1", port 5432 failed: FATAL:  password authentication failed for user "postgres"
connection to server at "127.0.0.1", port 5432 failed: FATAL:  password authentication failed for user "postgres"
Multiple connection attempts failed. All failures were:
- host: 'localhost', port: '5432', hostaddr: '::1': connection failed: connection to server at "::1", port 5432 failed: FATAL:  password authentication failed for user "postgres"
connection to server at "::1", port 5432 failed: FATAL:  password authentication failed for user "postgres"
- host: 'localhost', port: '5432', hostaddr: '127.0.0.1': connection failed: connection to server at "127.0.0.1", port 5432 failed: FATAL:  password authentication failed for user "postgres"
connection to server at "127.0.0.1", port 5432 failed: FATAL:  password authentication failed for user "postgres"
Traceback (most recent call last):
  File "/home/cristian/Dev/TaskBudget/.venv/lib/python3.11/site-packages/django/db/backends/base/base.py", line 279, in ensure_connection
    self.connect()
  File "/home/cristian/Dev/TaskBudget/.venv/lib/python3.11/site-packages/django/utils/asyncio.py", line 26, in inner
    return func(*args, **kwargs)
           ^^^^^^^^^^^^^^^^^^^^^
  File "/home/cristian/Dev/TaskBudget/.venv/lib/python3.11/site-packages/django/db/backends/base/base.py", line 256, in connect
    self.connection = self.get_new_connection(conn_params)
                      ^^^^^^^^^^^^^^^^^^^^^^^^^^^^^^^^^^^^
  File "/home/cristian/Dev/TaskBudget/.venv/lib/python3.11/site-packages/django/utils/asyncio.py", line 26, in inner
    return func(*args, **kwargs)
           ^^^^^^^^^^^^^^^^^^^^^
  File "/home/cristian/Dev/TaskBudget/.venv/lib/python3.11/site-packages/django/db/backends/postgresql/base.py", line 332, in get_new_connection
    connection = self.Database.connect(**conn_params)
                 ^^^^^^^^^^^^^^^^^^^^^^^^^^^^^^^^^^^^
  File "/home/cristian/Dev/TaskBudget/.venv/lib/python3.11/site-packages/psycopg/connection.py", line 129, in connect
    raise type(last_ex)("\n".join(lines)).with_traceback(None)
psycopg.OperationalError: connection failed: connection to server at "127.0.0.1", port 5432 failed: FATAL:  password authentication failed for user "postgres"
connection to server at "127.0.0.1", port 5432 failed: FATAL:  password authentication failed for user "postgres"
Multiple connection attempts failed. All failures were:
- host: 'localhost', port: '5432', hostaddr: '::1': connection failed: connection to server at "::1", port 5432 failed: FATAL:  password authentication failed for user "postgres"
connection to server at "::1", port 5432 failed: FATAL:  password authentication failed for user "postgres"
- host: 'localhost', port: '5432', hostaddr: '127.0.0.1': connection failed: connection to server at "127.0.0.1", port 5432 failed: FATAL:  password authentication failed for user "postgres"
connection to server at "127.0.0.1", port 5432 failed: FATAL:  password authentication failed for user "postgres"

The above exception was the direct cause of the following exception:

Traceback (most recent call last):
  File "/home/cristian/Dev/TaskBudget/manage.py", line 22, in <module>
    main()
  File "/home/cristian/Dev/TaskBudget/manage.py", line 18, in main
    execute_from_command_line(sys.argv)
  File "/home/cristian/Dev/TaskBudget/.venv/lib/python3.11/site-packages/django/core/management/__init__.py", line 442, in execute_from_command_line
    utility.execute()
  File "/home/cristian/Dev/TaskBudget/.venv/lib/python3.11/site-packages/django/core/management/__init__.py", line 436, in execute
    self.fetch_command(subcommand).run_from_argv(self.argv)
  File "/home/cristian/Dev/TaskBudget/.venv/lib/python3.11/site-packages/django/core/management/base.py", line 420, in run_from_argv
    self.execute(*args, **cmd_options)
  File "/home/cristian/Dev/TaskBudget/.venv/lib/python3.11/site-packages/django/core/management/base.py", line 464, in execute
    output = self.handle(*args, **options)
             ^^^^^^^^^^^^^^^^^^^^^^^^^^^^^
  File "/home/cristian/Dev/TaskBudget/core/management/commands/generar_recurrentes.py", line 37, in handle
    resultado = generar_finanzas_automaticas(
                ^^^^^^^^^^^^^^^^^^^^^^^^^^^^^
  File "/home/cristian/Dev/TaskBudget/core/services.py", line 196, in generar_finanzas_automaticas
    movimientos, movimientos_omitidos = generar_movimientos_recurrentes(
                                        ^^^^^^^^^^^^^^^^^^^^^^^^^^^^^^^^
  File "/home/cristian/Dev/TaskBudget/core/services.py", line 101, in generar_movimientos_recurrentes
    for recurrente in recurrentes:
  File "/home/cristian/Dev/TaskBudget/.venv/lib/python3.11/site-packages/django/db/models/query.py", line 386, in __iter__
    self._fetch_all()
  File "/home/cristian/Dev/TaskBudget/.venv/lib/python3.11/site-packages/django/db/models/query.py", line 1954, in _fetch_all
    self._result_cache = list(self._iterable_class(self))
                         ^^^^^^^^^^^^^^^^^^^^^^^^^^^^^^^^
  File "/home/cristian/Dev/TaskBudget/.venv/lib/python3.11/site-packages/django/db/models/query.py", line 93, in __iter__
    results = compiler.execute_sql(
              ^^^^^^^^^^^^^^^^^^^^^
  File "/home/cristian/Dev/TaskBudget/.venv/lib/python3.11/site-packages/django/db/models/sql/compiler.py", line 1621, in execute_sql
    cursor = self.connection.cursor()
             ^^^^^^^^^^^^^^^^^^^^^^^^
  File "/home/cristian/Dev/TaskBudget/.venv/lib/python3.11/site-packages/django/utils/asyncio.py", line 26, in inner
    return func(*args, **kwargs)
           ^^^^^^^^^^^^^^^^^^^^^
  File "/home/cristian/Dev/TaskBudget/.venv/lib/python3.11/site-packages/django/db/backends/base/base.py", line 320, in cursor
    return self._cursor()
           ^^^^^^^^^^^^^^
  File "/home/cristian/Dev/TaskBudget/.venv/lib/python3.11/site-packages/django/db/backends/base/base.py", line 296, in _cursor
    self.ensure_connection()
  File "/home/cristian/Dev/TaskBudget/.venv/lib/python3.11/site-packages/django/utils/asyncio.py", line 26, in inner
    return func(*args, **kwargs)
           ^^^^^^^^^^^^^^^^^^^^^
  File "/home/cristian/Dev/TaskBudget/.venv/lib/python3.11/site-packages/django/db/backends/base/base.py", line 278, in ensure_connection
    with self.wrap_database_errors:
  File "/home/cristian/Dev/TaskBudget/.venv/lib/python3.11/site-packages/django/db/utils.py", line 91, in __exit__
    raise dj_exc_value.with_traceback(traceback) from exc_value
  File "/home/cristian/Dev/TaskBudget/.venv/lib/python3.11/site-packages/django/db/backends/base/base.py", line 279, in ensure_connection
    self.connect()
  File "/home/cristian/Dev/TaskBudget/.venv/lib/python3.11/site-packages/django/utils/asyncio.py", line 26, in inner
    return func(*args, **kwargs)
           ^^^^^^^^^^^^^^^^^^^^^
  File "/home/cristian/Dev/TaskBudget/.venv/lib/python3.11/site-packages/django/db/backends/base/base.py", line 256, in connect
    self.connection = self.get_new_connection(conn_params)
                      ^^^^^^^^^^^^^^^^^^^^^^^^^^^^^^^^^^^^
  File "/home/cristian/Dev/TaskBudget/.venv/lib/python3.11/site-packages/django/utils/asyncio.py", line 26, in inner
    return func(*args, **kwargs)
           ^^^^^^^^^^^^^^^^^^^^^
  File "/home/cristian/Dev/TaskBudget/.venv/lib/python3.11/site-packages/django/db/backends/postgresql/base.py", line 332, in get_new_connection
    connection = self.Database.connect(**conn_params)
                 ^^^^^^^^^^^^^^^^^^^^^^^^^^^^^^^^^^^^
  File "/home/cristian/Dev/TaskBudget/.venv/lib/python3.11/site-packages/psycopg/connection.py", line 129, in connect
    raise type(last_ex)("\n".join(lines)).with_traceback(None)
django.db.utils.OperationalError: connection failed: connection to server at "127.0.0.1", port 5432 failed: FATAL:  password authentication failed for user "postgres"
connection to server at "127.0.0.1", port 5432 failed: FATAL:  password authentication failed for user "postgres"
Multiple connection attempts failed. All failures were:
- host: 'localhost', port: '5432', hostaddr: '::1': connection failed: connection to server at "::1", port 5432 failed: FATAL:  password authentication failed for user "postgres"
connection to server at "::1", port 5432 failed: FATAL:  password authentication failed for user "postgres"
- host: 'localhost', port: '5432', hostaddr: '127.0.0.1': connection failed: connection to server at "127.0.0.1", port 5432 failed: FATAL:  password authentication failed for user "postgres"
connection to server at "127.0.0.1", port 5432 failed: FATAL:  password authentication failed for user "postgres"
Traceback (most recent call last):
  File "/home/cristian/Dev/TaskBudget/.venv/lib/python3.11/site-packages/django/db/backends/base/base.py", line 279, in ensure_connection
    self.connect()
  File "/home/cristian/Dev/TaskBudget/.venv/lib/python3.11/site-packages/django/utils/asyncio.py", line 26, in inner
    return func(*args, **kwargs)
           ^^^^^^^^^^^^^^^^^^^^^
  File "/home/cristian/Dev/TaskBudget/.venv/lib/python3.11/site-packages/django/db/backends/base/base.py", line 256, in connect
    self.connection = self.get_new_connection(conn_params)
                      ^^^^^^^^^^^^^^^^^^^^^^^^^^^^^^^^^^^^
  File "/home/cristian/Dev/TaskBudget/.venv/lib/python3.11/site-packages/django/utils/asyncio.py", line 26, in inner
    return func(*args, **kwargs)
           ^^^^^^^^^^^^^^^^^^^^^
  File "/home/cristian/Dev/TaskBudget/.venv/lib/python3.11/site-packages/django/db/backends/postgresql/base.py", line 332, in get_new_connection
    connection = self.Database.connect(**conn_params)
                 ^^^^^^^^^^^^^^^^^^^^^^^^^^^^^^^^^^^^
  File "/home/cristian/Dev/TaskBudget/.venv/lib/python3.11/site-packages/psycopg/connection.py", line 129, in connect
    raise type(last_ex)("\n".join(lines)).with_traceback(None)
psycopg.OperationalError: connection failed: connection to server at "127.0.0.1", port 5432 failed: FATAL:  password authentication failed for user "postgres"
connection to server at "127.0.0.1", port 5432 failed: FATAL:  password authentication failed for user "postgres"
Multiple connection attempts failed. All failures were:
- host: 'localhost', port: '5432', hostaddr: '::1': connection failed: connection to server at "::1", port 5432 failed: FATAL:  password authentication failed for user "postgres"
connection to server at "::1", port 5432 failed: FATAL:  password authentication failed for user "postgres"
- host: 'localhost', port: '5432', hostaddr: '127.0.0.1': connection failed: connection to server at "127.0.0.1", port 5432 failed: FATAL:  password authentication failed for user "postgres"
connection to server at "127.0.0.1", port 5432 failed: FATAL:  password authentication failed for user "postgres"

The above exception was the direct cause of the following exception:

Traceback (most recent call last):
  File "/home/cristian/Dev/TaskBudget/manage.py", line 22, in <module>
    main()
  File "/home/cristian/Dev/TaskBudget/manage.py", line 18, in main
    execute_from_command_line(sys.argv)
  File "/home/cristian/Dev/TaskBudget/.venv/lib/python3.11/site-packages/django/core/management/__init__.py", line 442, in execute_from_command_line
    utility.execute()
  File "/home/cristian/Dev/TaskBudget/.venv/lib/python3.11/site-packages/django/core/management/__init__.py", line 436, in execute
    self.fetch_command(subcommand).run_from_argv(self.argv)
  File "/home/cristian/Dev/TaskBudget/.venv/lib/python3.11/site-packages/django/core/management/base.py", line 420, in run_from_argv
    self.execute(*args, **cmd_options)
  File "/home/cristian/Dev/TaskBudget/.venv/lib/python3.11/site-packages/django/core/management/base.py", line 464, in execute
    output = self.handle(*args, **options)
             ^^^^^^^^^^^^^^^^^^^^^^^^^^^^^
  File "/home/cristian/Dev/TaskBudget/core/management/commands/generar_recurrentes.py", line 37, in handle
    resultado = generar_finanzas_automaticas(
                ^^^^^^^^^^^^^^^^^^^^^^^^^^^^^
  File "/home/cristian/Dev/TaskBudget/core/services.py", line 196, in generar_finanzas_automaticas
    movimientos, movimientos_omitidos = generar_movimientos_recurrentes(
                                        ^^^^^^^^^^^^^^^^^^^^^^^^^^^^^^^^
  File "/home/cristian/Dev/TaskBudget/core/services.py", line 101, in generar_movimientos_recurrentes
    for recurrente in recurrentes:
  File "/home/cristian/Dev/TaskBudget/.venv/lib/python3.11/site-packages/django/db/models/query.py", line 386, in __iter__
    self._fetch_all()
  File "/home/cristian/Dev/TaskBudget/.venv/lib/python3.11/site-packages/django/db/models/query.py", line 1954, in _fetch_all
    self._result_cache = list(self._iterable_class(self))
                         ^^^^^^^^^^^^^^^^^^^^^^^^^^^^^^^^
  File "/home/cristian/Dev/TaskBudget/.venv/lib/python3.11/site-packages/django/db/models/query.py", line 93, in __iter__
    results = compiler.execute_sql(
              ^^^^^^^^^^^^^^^^^^^^^
  File "/home/cristian/Dev/TaskBudget/.venv/lib/python3.11/site-packages/django/db/models/sql/compiler.py", line 1621, in execute_sql
    cursor = self.connection.cursor()
             ^^^^^^^^^^^^^^^^^^^^^^^^
  File "/home/cristian/Dev/TaskBudget/.venv/lib/python3.11/site-packages/django/utils/asyncio.py", line 26, in inner
    return func(*args, **kwargs)
           ^^^^^^^^^^^^^^^^^^^^^
  File "/home/cristian/Dev/TaskBudget/.venv/lib/python3.11/site-packages/django/db/backends/base/base.py", line 320, in cursor
    return self._cursor()
           ^^^^^^^^^^^^^^
  File "/home/cristian/Dev/TaskBudget/.venv/lib/python3.11/site-packages/django/db/backends/base/base.py", line 296, in _cursor
    self.ensure_connection()
  File "/home/cristian/Dev/TaskBudget/.venv/lib/python3.11/site-packages/django/utils/asyncio.py", line 26, in inner
    return func(*args, **kwargs)
           ^^^^^^^^^^^^^^^^^^^^^
  File "/home/cristian/Dev/TaskBudget/.venv/lib/python3.11/site-packages/django/db/backends/base/base.py", line 278, in ensure_connection
    with self.wrap_database_errors:
  File "/home/cristian/Dev/TaskBudget/.venv/lib/python3.11/site-packages/django/db/utils.py", line 91, in __exit__
    raise dj_exc_value.with_traceback(traceback) from exc_value
  File "/home/cristian/Dev/TaskBudget/.venv/lib/python3.11/site-packages/django/db/backends/base/base.py", line 279, in ensure_connection
    self.connect()
  File "/home/cristian/Dev/TaskBudget/.venv/lib/python3.11/site-packages/django/utils/asyncio.py", line 26, in inner
    return func(*args, **kwargs)
           ^^^^^^^^^^^^^^^^^^^^^
  File "/home/cristian/Dev/TaskBudget/.venv/lib/python3.11/site-packages/django/db/backends/base/base.py", line 256, in connect
    self.connection = self.get_new_connection(conn_params)
                      ^^^^^^^^^^^^^^^^^^^^^^^^^^^^^^^^^^^^
  File "/home/cristian/Dev/TaskBudget/.venv/lib/python3.11/site-packages/django/utils/asyncio.py", line 26, in inner
    return func(*args, **kwargs)
           ^^^^^^^^^^^^^^^^^^^^^
  File "/home/cristian/Dev/TaskBudget/.venv/lib/python3.11/site-packages/django/db/backends/postgresql/base.py", line 332, in get_new_connection
    connection = self.Database.connect(**conn_params)
                 ^^^^^^^^^^^^^^^^^^^^^^^^^^^^^^^^^^^^
  File "/home/cristian/Dev/TaskBudget/.venv/lib/python3.11/site-packages/psycopg/connection.py", line 129, in connect
    raise type(last_ex)("\n".join(lines)).with_traceback(None)
django.db.utils.OperationalError: connection failed: connection to server at "127.0.0.1", port 5432 failed: FATAL:  password authentication failed for user "postgres"
connection to server at "127.0.0.1", port 5432 failed: FATAL:  password authentication failed for user "postgres"
Multiple connection attempts failed. All failures were:
- host: 'localhost', port: '5432', hostaddr: '::1': connection failed: connection to server at "::1", port 5432 failed: FATAL:  password authentication failed for user "postgres"
connection to server at "::1", port 5432 failed: FATAL:  password authentication failed for user "postgres"
- host: 'localhost', port: '5432', hostaddr: '127.0.0.1': connection failed: connection to server at "127.0.0.1", port 5432 failed: FATAL:  password authentication failed for user "postgres"
connection to server at "127.0.0.1", port 5432 failed: FATAL:  password authentication failed for user "postgres"
Traceback (most recent call last):
  File "/home/cristian/Dev/TaskBudget/.venv/lib/python3.11/site-packages/django/db/backends/base/base.py", line 279, in ensure_connection
    self.connect()
  File "/home/cristian/Dev/TaskBudget/.venv/lib/python3.11/site-packages/django/utils/asyncio.py", line 26, in inner
    return func(*args, **kwargs)
           ^^^^^^^^^^^^^^^^^^^^^
  File "/home/cristian/Dev/TaskBudget/.venv/lib/python3.11/site-packages/django/db/backends/base/base.py", line 256, in connect
    self.connection = self.get_new_connection(conn_params)
                      ^^^^^^^^^^^^^^^^^^^^^^^^^^^^^^^^^^^^
  File "/home/cristian/Dev/TaskBudget/.venv/lib/python3.11/site-packages/django/utils/asyncio.py", line 26, in inner
    return func(*args, **kwargs)
           ^^^^^^^^^^^^^^^^^^^^^
  File "/home/cristian/Dev/TaskBudget/.venv/lib/python3.11/site-packages/django/db/backends/postgresql/base.py", line 332, in get_new_connection
    connection = self.Database.connect(**conn_params)
                 ^^^^^^^^^^^^^^^^^^^^^^^^^^^^^^^^^^^^
  File "/home/cristian/Dev/TaskBudget/.venv/lib/python3.11/site-packages/psycopg/connection.py", line 129, in connect
    raise type(last_ex)("\n".join(lines)).with_traceback(None)
psycopg.OperationalError: connection failed: connection to server at "127.0.0.1", port 5432 failed: FATAL:  password authentication failed for user "postgres"
connection to server at "127.0.0.1", port 5432 failed: FATAL:  password authentication failed for user "postgres"
Multiple connection attempts failed. All failures were:
- host: 'localhost', port: '5432', hostaddr: '::1': connection failed: connection to server at "::1", port 5432 failed: FATAL:  password authentication failed for user "postgres"
connection to server at "::1", port 5432 failed: FATAL:  password authentication failed for user "postgres"
- host: 'localhost', port: '5432', hostaddr: '127.0.0.1': connection failed: connection to server at "127.0.0.1", port 5432 failed: FATAL:  password authentication failed for user "postgres"
connection to server at "127.0.0.1", port 5432 failed: FATAL:  password authentication failed for user "postgres"

The above exception was the direct cause of the following exception:

Traceback (most recent call last):
  File "/home/cristian/Dev/TaskBudget/manage.py", line 22, in <module>
    main()
  File "/home/cristian/Dev/TaskBudget/manage.py", line 18, in main
    execute_from_command_line(sys.argv)
  File "/home/cristian/Dev/TaskBudget/.venv/lib/python3.11/site-packages/django/core/management/__init__.py", line 442, in execute_from_command_line
    utility.execute()
  File "/home/cristian/Dev/TaskBudget/.venv/lib/python3.11/site-packages/django/core/management/__init__.py", line 436, in execute
    self.fetch_command(subcommand).run_from_argv(self.argv)
  File "/home/cristian/Dev/TaskBudget/.venv/lib/python3.11/site-packages/django/core/management/base.py", line 420, in run_from_argv
    self.execute(*args, **cmd_options)
  File "/home/cristian/Dev/TaskBudget/.venv/lib/python3.11/site-packages/django/core/management/base.py", line 464, in execute
    output = self.handle(*args, **options)
             ^^^^^^^^^^^^^^^^^^^^^^^^^^^^^
  File "/home/cristian/Dev/TaskBudget/core/management/commands/generar_recurrentes.py", line 37, in handle
    resultado = generar_finanzas_automaticas(
                ^^^^^^^^^^^^^^^^^^^^^^^^^^^^^
  File "/home/cristian/Dev/TaskBudget/core/services.py", line 196, in generar_finanzas_automaticas
    movimientos, movimientos_omitidos = generar_movimientos_recurrentes(
                                        ^^^^^^^^^^^^^^^^^^^^^^^^^^^^^^^^
  File "/home/cristian/Dev/TaskBudget/core/services.py", line 101, in generar_movimientos_recurrentes
    for recurrente in recurrentes:
  File "/home/cristian/Dev/TaskBudget/.venv/lib/python3.11/site-packages/django/db/models/query.py", line 386, in __iter__
    self._fetch_all()
  File "/home/cristian/Dev/TaskBudget/.venv/lib/python3.11/site-packages/django/db/models/query.py", line 1954, in _fetch_all
    self._result_cache = list(self._iterable_class(self))
                         ^^^^^^^^^^^^^^^^^^^^^^^^^^^^^^^^
  File "/home/cristian/Dev/TaskBudget/.venv/lib/python3.11/site-packages/django/db/models/query.py", line 93, in __iter__
    results = compiler.execute_sql(
              ^^^^^^^^^^^^^^^^^^^^^
  File "/home/cristian/Dev/TaskBudget/.venv/lib/python3.11/site-packages/django/db/models/sql/compiler.py", line 1621, in execute_sql
    cursor = self.connection.cursor()
             ^^^^^^^^^^^^^^^^^^^^^^^^
  File "/home/cristian/Dev/TaskBudget/.venv/lib/python3.11/site-packages/django/utils/asyncio.py", line 26, in inner
    return func(*args, **kwargs)
           ^^^^^^^^^^^^^^^^^^^^^
  File "/home/cristian/Dev/TaskBudget/.venv/lib/python3.11/site-packages/django/db/backends/base/base.py", line 320, in cursor
    return self._cursor()
           ^^^^^^^^^^^^^^
  File "/home/cristian/Dev/TaskBudget/.venv/lib/python3.11/site-packages/django/db/backends/base/base.py", line 296, in _cursor
    self.ensure_connection()
  File "/home/cristian/Dev/TaskBudget/.venv/lib/python3.11/site-packages/django/utils/asyncio.py", line 26, in inner
    return func(*args, **kwargs)
           ^^^^^^^^^^^^^^^^^^^^^
  File "/home/cristian/Dev/TaskBudget/.venv/lib/python3.11/site-packages/django/db/backends/base/base.py", line 278, in ensure_connection
    with self.wrap_database_errors:
  File "/home/cristian/Dev/TaskBudget/.venv/lib/python3.11/site-packages/django/db/utils.py", line 91, in __exit__
    raise dj_exc_value.with_traceback(traceback) from exc_value
  File "/home/cristian/Dev/TaskBudget/.venv/lib/python3.11/site-packages/django/db/backends/base/base.py", line 279, in ensure_connection
    self.connect()
  File "/home/cristian/Dev/TaskBudget/.venv/lib/python3.11/site-packages/django/utils/asyncio.py", line 26, in inner
    return func(*args, **kwargs)
           ^^^^^^^^^^^^^^^^^^^^^
  File "/home/cristian/Dev/TaskBudget/.venv/lib/python3.11/site-packages/django/db/backends/base/base.py", line 256, in connect
    self.connection = self.get_new_connection(conn_params)
                      ^^^^^^^^^^^^^^^^^^^^^^^^^^^^^^^^^^^^
  File "/home/cristian/Dev/TaskBudget/.venv/lib/python3.11/site-packages/django/utils/asyncio.py", line 26, in inner
    return func(*args, **kwargs)
           ^^^^^^^^^^^^^^^^^^^^^
  File "/home/cristian/Dev/TaskBudget/.venv/lib/python3.11/site-packages/django/db/backends/postgresql/base.py", line 332, in get_new_connection
    connection = self.Database.connect(**conn_params)
                 ^^^^^^^^^^^^^^^^^^^^^^^^^^^^^^^^^^^^
  File "/home/cristian/Dev/TaskBudget/.venv/lib/python3.11/site-packages/psycopg/connection.py", line 129, in connect
    raise type(last_ex)("\n".join(lines)).with_traceback(None)
django.db.utils.OperationalError: connection failed: connection to server at "127.0.0.1", port 5432 failed: FATAL:  password authentication failed for user "postgres"
connection to server at "127.0.0.1", port 5432 failed: FATAL:  password authentication failed for user "postgres"
Multiple connection attempts failed. All failures were:
- host: 'localhost', port: '5432', hostaddr: '::1': connection failed: connection to server at "::1", port 5432 failed: FATAL:  password authentication failed for user "postgres"
connection to server at "::1", port 5432 failed: FATAL:  password authentication failed for user "postgres"
- host: 'localhost', port: '5432', hostaddr: '127.0.0.1': connection failed: connection to server at "127.0.0.1", port 5432 failed: FATAL:  password authentication failed for user "postgres"
connection to server at "127.0.0.1", port 5432 failed: FATAL:  password authentication failed for user "postgres"
Movimientos creados: 0. Movimientos duplicados omitidos: 0. Pagos de deuda creados: 0. Pagos de deuda omitidos: 0.
